player_id,name,team,age_next,o_val,d_val,val,val_cal,exp_games,exp_inj_games,proj_min,war,war_healthy,salary
1628983,Shai Gilgeous-Alexander,OKC,28.0000,6.4220,1.8243,8.2463,9.2591,63.8314,12.0945,2150.7993,13.5944,16.1702,40806150.0000
203999,Nikola Jokić,DEN,32.0000,5.9531,1.2668,7.2200,8.0117,59.6042,13.1172,2108.0481,11.7160,14.2944,59033114.0000
1641705,Victor Wembanyama,SAS,23.0000,2.3304,3.8772,6.2077,6.7815,64.8607,14.3651,1959.0597,9.4140,11.4989,16868246.0000
1629029,Luka Dončić,LAL,28.0000,4.6045,0.8514,5.4559,5.8679,60.6244,14.7072,2186.1279,9.2836,11.5358,49800000.0000
203507,Giannis Antetokounmpo,MIA,32.0000,4.3978,0.9097,5.3075,5.6875,56.1704,17.6656,1832.8945,7.5814,9.9658,58456566.0000
1630178,Tyrese Maxey,PHI,26.0000,3.4019,0.3593,3.7612,3.8084,63.8760,13.8751,2416.3906,7.2178,8.7857,40770520.0000
1628378,Donovan Mitchell,CLE,30.0000,3.9776,0.6175,4.5951,4.8218,60.3724,13.4312,1999.7110,7.2126,8.8172,50105628.0000
1641708,Amen Thompson,HOU,24.0000,2.4608,1.5417,4.0024,4.1015,66.5040,11.0662,2218.5459,7.0246,8.1935,12258609.0000
202695,Kawhi Leonard,TOR,36.0000,3.5142,1.5972,5.1115,5.4493,53.6486,17.2057,1746.7301,6.9705,9.2060,50300000.0000
1631096,Chet Holmgren,OKC,25.0000,1.8656,2.9043,4.7699,5.0342,63.2857,14.4864,1824.4643,6.8176,8.3782,41500000.0000
1628401,Derrick White,BOS,32.0000,2.0727,1.9499,4.0226,4.1260,61.4104,11.6083,2071.8994,6.5913,7.8373,30348000.0000
1630595,Cade Cunningham,DET,25.0000,2.9461,0.7851,3.7312,3.7718,64.9080,13.5328,2219.4403,6.5800,7.9518,50105628.0000
1630162,Anthony Edwards,MIN,25.0000,3.4759,-0.1219,3.3540,3.3134,65.9722,12.0971,2340.7785,6.2834,7.4356,48924624.0000
1628369,Jayson Tatum,BOS,29.0000,2.7884,1.0849,3.8733,3.9446,56.2664,19.0441,1998.6150,6.1364,8.2134,58456566.0000
1642851,Kon Knueppel,CHA,21.0000,3.0247,0.2388,3.2635,3.2035,72.4476,8.9748,2281.4266,5.9707,6.7104,10516560.0000
1628384,OG Anunoby,NYK,29.0000,2.0038,1.4905,3.4944,3.4840,61.5293,14.0784,2120.3514,5.9130,7.2659,42500000.0000
1630169,Tyrese Haliburton,IND,27.0000,4.1939,-0.1883,4.0056,4.1053,56.1273,21.1570,1854.9130,5.8776,8.0931,48924624.0000
1628973,Jalen Brunson,NYK,30.0000,3.9764,-0.7158,3.2605,3.1999,62.6005,12.6148,2203.0998,5.7609,6.9218,37739521.0000
1630700,Dyson Daniels,ATL,24.0000,1.6448,1.7240,3.3688,3.3314,67.4860,11.4216,2128.8842,5.7381,6.7092,25000000.0000
1627750,Jamal Murray,DEN,30.0000,4.3906,-1.0536,3.3370,3.2927,61.3143,13.0837,2141.3395,5.7210,6.9418,50105628.0000
1630532,Franz Wagner,ORL,25.0000,2.2909,1.4024,3.6934,3.7259,60.4785,17.1450,1939.2012,5.6946,7.3090,41754690.0000
1628389,Bam Adebayo,MIA,29.0000,1.3009,1.9129,3.2138,3.1430,63.8306,11.8514,2125.7452,5.4847,6.5031,49800000.0000
1626157,Karl-Anthony Towns,NYK,31.0000,2.5888,0.8019,3.3907,3.3580,60.9953,12.6387,1980.0197,5.3690,6.4815,57078728.0000
1626164,Devin Booker,PHX,30.0000,3.2049,-0.2511,2.9538,2.8271,61.5346,13.5321,2169.5562,5.1786,6.3174,57078728.0000
1627832,Fred VanVleet,HOU,33.0000,1.8483,1.3150,3.1633,3.0817,55.2009,21.8605,1981.6023,5.0384,7.0338,25000000.0000
1630596,Evan Mobley,CLE,26.0000,1.5919,1.5798,3.1717,3.0919,63.0455,13.8883,1970.0038,5.0213,6.1275,50105628.0000
202681,Kyrie Irving,DAL,35.0000,2.7597,0.4292,3.1890,3.1129,53.7010,23.5833,1911.9597,4.8979,7.0488,39491282.0000
1631105,Jalen Duren,,23.0000,2.2805,0.9931,3.2737,3.2158,67.3461,11.6567,1863.4541,4.8909,5.7375,
1630578,Alperen Sengun,HOU,24.0000,2.1301,0.5824,2.7125,2.5338,67.0048,11.7542,2183.2563,4.8196,5.6651,35642202.0000
1630567,Scottie Barnes,TOR,25.0000,1.2847,1.3068,2.5915,2.3868,66.2746,12.0176,2224.1169,4.7099,5.5640,41754690.0000
1630217,Desmond Bane,ORL,29.0000,2.3137,0.4040,2.7177,2.5401,62.4383,13.0209,2073.6992,4.5858,5.5421,39446090.0000
1630163,LaMelo Ball,MIN,25.0000,3.9080,-0.6127,3.2953,3.2421,57.9766,14.4459,1704.5516,4.5013,5.6229,40770520.0000
1642845,VJ Edgecombe,PHI,21.0000,1.6150,0.5309,2.1459,1.8453,70.9667,10.4557,2482.2315,4.4344,5.0877,11663880.0000
1628368,De'Aaron Fox,SAS,29.0000,2.6418,-0.0675,2.5742,2.3658,62.7795,13.1255,2098.3432,4.4166,5.3400,49800000.0000
1628386,Jarrett Allen,CLE,29.0000,1.9437,1.1120,3.0558,2.9510,62.2876,13.2459,1774.0860,4.3690,5.2981,28000000.0000
202710,Jimmy Butler III,GSW,37.0000,3.1373,0.4383,3.5756,3.5827,47.1108,17.9272,1510.6102,4.3038,5.9415,56832773.0000
1630202,Payton Pritchard,BOS,29.0000,3.1101,-0.4293,2.6808,2.4953,65.5071,10.3979,1905.5017,4.1616,4.8222,7767857.0000
1630559,Austin Reaves,LAL,29.0000,2.3323,0.0519,2.3842,2.1349,61.2584,14.2751,2085.1310,4.0943,5.0484,41240250.0000
1630552,Jalen Johnson,ATL,25.0000,0.8795,1.3955,2.2750,2.0021,62.1568,15.1695,2174.2309,4.0927,5.0915,30000000.0000
1628374,Lauri Markkanen,UTA,30.0000,2.4093,0.3999,2.8092,2.6513,53.8687,18.1517,1785.4972,4.0699,5.4413,46113154.0000
1641709,Ausar Thompson,DET,24.0000,1.0599,2.1370,3.1969,3.1225,63.4962,11.6964,1580.4467,4.0580,4.8055,11117925.0000
1628991,Jaren Jackson Jr.,UTA,27.0000,0.7029,1.9051,2.6081,2.4069,60.9632,14.8351,1861.9904,3.9659,4.9310,49000000.0000
1631114,Jalen Williams,OKC,26.0000,1.4510,1.0508,2.5018,2.2778,60.8365,17.1375,1874.4538,3.8445,4.9274,41500000.0000
201142,Kevin Durant,HOU,38.0000,2.2100,0.0638,2.2738,2.0006,55.3394,13.2440,2025.6372,3.8112,4.7233,43902439.0000
1630166,Deni Avdija,POR,26.0000,2.5881,-0.3668,2.2213,1.9369,65.1919,12.4849,2060.0682,3.7957,4.5226,13125000.0000
1627736,Malik Beasley,,30.0000,1.7481,0.2069,1.9550,1.6132,,,2304.7167,3.7901,3.8464,
1629638,Nickeil Alexander-Walker,ATL,28.0000,2.2063,0.1357,2.3420,2.0836,66.3721,10.2226,1914.5874,3.6994,4.2692,14403710.0000
1641764,Brandin Podziemski,GSW,24.0000,0.9854,1.4033,2.3888,2.1404,67.7876,10.6741,1875.3598,3.6887,4.2696,5679459.0000
1628392,Isaiah Hartenstein,OKC,29.0000,1.1269,1.8747,3.0016,2.8852,59.3627,16.5423,1521.3017,3.6853,4.7122,23148148.0000
1631128,Christian Braun,DEN,26.0000,1.8998,0.4418,2.3416,2.0831,63.6079,14.3661,1877.8129,3.6278,4.4471,21551726.0000
1627783,Pascal Siakam,IND,33.0000,1.9312,0.3353,2.2665,1.9918,58.4881,12.6521,1930.9863,3.6227,4.4063,48924624.0000
201939,Stephen Curry,GSW,39.0000,3.4248,-0.6901,2.7347,2.5608,51.0251,17.2401,1624.6168,3.6132,4.8341,62587158.0000
1641739,Toumani Camara,POR,27.0000,0.7308,1.2496,1.9804,1.6441,66.6939,10.5904,2107.9181,3.5064,4.0631,18080358.0000
1631095,Jabari Smith Jr.,HOU,24.0000,0.9655,0.8884,1.8539,1.4903,66.7113,11.7505,2216.2885,3.4782,4.0909,23643411.0000
203497,Rudy Gobert,MIN,35.0000,-0.5845,2.8094,2.2249,1.9412,57.9309,11.9786,1878.2401,3.4656,4.1822,36500000.0000
1629674,Neemias Queta,BOS,27.0000,1.4980,2.2153,3.7133,3.7501,55.5536,11.0316,1150.9724,3.3970,4.0716,2667944.0000
1630591,Jalen Suggs,ORL,26.0000,0.5804,1.8512,2.4315,2.1924,61.3816,16.5924,1696.4501,3.3908,4.3073,32400000.0000
1641706,Brandon Miller,CHA,24.0000,1.5500,0.6830,2.2330,1.9511,58.0874,13.2416,1822.1165,3.3730,4.1419,15104626.0000
1628978,Donte DiVincenzo,MIN,30.0000,1.3183,0.8874,2.2057,1.9179,63.4401,11.5523,1841.9540,3.3724,3.9865,12535000.0000
1628969,Mikal Bridges,NYK,30.0000,1.3114,0.4242,1.7357,1.3467,65.2003,10.0149,2248.3295,3.3309,3.8426,33482145.0000
1630581,Josh Giddey,CHI,24.0000,1.7133,0.3094,2.0227,1.6955,65.6910,13.6624,1953.2629,3.3105,3.9990,25000000.0000
1627734,Domantas Sabonis,SAC,31.0000,1.3611,0.7255,2.0866,1.7731,55.6584,18.8672,1894.1211,3.3002,4.4189,45472000.0000
203081,Damian Lillard,POR,36.0000,2.0564,-0.0375,2.0190,1.6910,54.5734,21.7450,1950.2261,3.3000,4.6149,35915403.0000
1630529,Herbert Jones,NOP,28.0000,0.7736,1.5714,2.3450,2.0872,57.7382,17.7419,1705.0570,3.2983,4.3118,14898786.0000
1630530,Trey Murphy III,NOP,27.0000,1.7245,0.1125,1.8370,1.4698,61.7493,15.0892,2114.2655,3.2916,4.0959,27000000.0000
203954,Joel Embiid,PHI,33.0000,2.1590,0.3945,2.5535,2.3406,49.1215,22.8360,1563.5916,3.2669,4.7857,58100000.0000
203076,Anthony Davis,WAS,34.0000,0.9410,1.3614,2.3024,2.0354,50.7746,20.6418,1710.6776,3.2550,4.5782,58456566.0000
1630170,Devin Vassell,SAS,26.0000,1.7984,0.1339,1.9323,1.5856,64.0400,13.2653,1996.1736,3.2491,3.9221,27000000.0000
1629636,Darius Garland,LAC,27.0000,2.6411,-0.5771,2.0640,1.7457,60.8534,15.9851,1880.0445,3.2442,4.0964,42166510.0000
1629627,Zion Williamson,NOP,26.0000,2.2229,-0.0774,2.1455,1.8447,59.4580,15.6183,1782.7481,3.1842,4.0206,42166510.0000
1641717,Cason Wallace,OKC,23.0000,0.5752,1.5699,2.1451,1.8443,69.3218,10.7212,1771.5249,3.1637,3.6529,7420806.0000
1630193,Immanuel Quickley,TOR,28.0000,1.9079,0.1996,2.1075,1.7985,58.5835,14.5934,1790.6000,3.1476,3.9317,32500000.0000
1631217,Moussa Diabaté,CHA,25.0000,2.3075,0.6805,2.9880,2.8687,57.7387,12.0090,1284.2203,3.0980,3.7423,2461462.0000
1629639,Tyler Herro,MIL,27.0000,2.3248,-0.4751,1.8497,1.4853,58.7163,18.1966,1975.8900,3.0948,4.0539,33000000.0000
1642349,Ajay Mitchell,OKC,25.0000,1.4436,1.2578,2.7014,2.5204,60.0992,17.1714,1399.9990,3.0791,3.9588,2850000.0000
1629675,Naz Reid,CHA,27.0000,0.8453,1.2689,2.1142,1.8068,66.7228,10.3386,1743.5052,3.0736,3.5499,23275862.0000
1642843,Cooper Flagg,DAL,20.0000,0.8345,0.6566,1.4911,1.0495,70.4532,11.5468,2359.0343,3.0662,3.5688,14517480.0000
1630198,Isaiah Joe,DET,27.0000,2.2592,0.4889,2.7481,2.5771,65.3419,11.7195,1358.4418,3.0348,3.5791,11323006.0000
1630577,Julian Champagnie,SAS,26.0000,1.6415,0.5229,2.1643,1.8676,67.4331,9.5007,1682.6368,3.0290,3.4557,13888889.0000
1630200,Tre Jones,CHI,27.0000,1.9367,0.3550,2.2917,2.0224,61.5473,14.2511,1571.4149,2.9775,3.6670,8000000.0000
1629008,Michael Porter Jr.,BKN,29.0000,2.1134,-0.3374,1.7761,1.3958,60.1051,13.1251,1965.3357,2.9707,3.6194,40806150.0000
1642264,Stephon Castle,SAS,22.0000,1.4525,0.2928,1.7454,1.3585,69.2947,10.9737,1981.9440,2.9506,3.4178,10015920.0000
1627759,Jaylen Brown,PHI,30.0000,2.0077,-0.4107,1.5970,1.1782,61.5795,13.4872,2104.2371,2.9006,3.5359,57078728.0000
1631221,Collin Gillespie,PHX,28.0000,2.2429,0.7748,3.0177,2.9047,49.1993,11.1237,1191.1621,2.8997,3.5553,10714286.0000
201935,James Harden,CLE,37.0000,2.5361,-0.7557,1.7804,1.4011,54.6406,12.0319,1905.9882,2.8872,3.5229,30647619.0000
1629661,Cameron Johnson,DEN,31.0000,2.0406,-0.0596,1.9810,1.6449,56.9505,16.6092,1721.0429,2.8636,3.6988,23062500.0000
1629027,Trae Young,WAS,28.0000,3.2391,-1.5198,1.7193,1.3268,56.2406,19.9082,1918.3899,2.8188,3.8166,49488300.0000
1642907,Cedric Coward,MEM,23.0000,1.8431,0.1722,2.0152,1.6864,64.6042,13.2099,1665.0655,2.8128,3.3880,6001080.0000
203932,Aaron Gordon,DEN,31.0000,1.5960,0.4856,2.0816,1.7671,55.5090,18.6451,1617.5906,2.8124,3.7571,33658037.0000
1630168,Onyeka Okongwu,ATL,26.0000,1.0895,0.6137,1.7032,1.3072,65.3617,12.6123,1907.4151,2.7798,3.3162,16120000.0000
1627826,Ivica Zubac,IND,30.0000,0.6143,1.2236,1.8379,1.4710,58.7753,14.5082,1783.7665,2.7783,3.4641,20342140.0000
1630558,Davion Mitchell,MIA,28.0000,1.1980,0.8642,2.0622,1.7435,63.0766,11.7348,1610.8691,2.7775,3.2942,12400000.0000
1629632,Coby White,CHA,27.0000,2.4628,-0.7886,1.6742,1.2719,62.8081,14.2534,1930.3431,2.7716,3.4006,22839506.0000
1641726,Dereck Lively II,DAL,23.0000,1.4852,1.1176,2.6027,2.4004,56.3963,23.2753,1262.3713,2.6838,3.7914,7239131.0000
1630573,Sam Hauser,BOS,29.0000,2.0359,0.1266,2.1626,1.8655,63.8684,11.0707,1491.8271,2.6835,3.1487,10848215.0000
1630540,Miles McBride,NYK,26.0000,1.8984,0.3434,2.2418,1.9618,59.4388,15.6375,1431.4412,2.6592,3.3588,3956523.0000
1631157,Ryan Rollins,MIL,24.0000,1.7063,0.5577,2.2639,1.9887,55.2170,11.3569,1418.7714,2.6590,3.2059,4000000.0000
1642844,Dylan Harper,SAS,21.0000,1.0988,0.8922,1.9910,1.6570,69.4858,11.9366,1568.9259,2.6221,3.0726,12989040.0000
203468,CJ McCollum,ATL,35.0000,1.6832,0.0847,1.7680,1.3859,55.4365,13.4327,1722.5229,2.5933,3.2217,21000000.0000
202331,Paul George,BOS,37.0000,1.1014,1.1207,2.2221,1.9378,43.6223,16.9577,1404.2809,2.5882,3.5943,54126380.0000
1628976,Wendell Carter Jr.,ORL,28.0000,0.2926,1.4237,1.7163,1.3232,63.2387,12.6129,1754.2617,2.5738,3.0871,18102000.0000
204001,Kristaps Porziņģis,GSW,31.0000,1.3372,0.7944,2.1316,1.8278,52.5135,20.3032,1424.9860,2.5305,3.5088,19512195.0000
1629628,RJ Barrett,TOR,27.0000,2.1369,-0.5076,1.6292,1.2173,57.8988,13.9617,1803.5692,2.5294,3.1393,29616071.0000
1631099,Keegan Murray,SAC,26.0000,0.5512,0.8263,1.3775,0.9114,60.4940,17.4800,2065.9403,2.5107,3.2362,24137936.0000
1628404,Josh Hart,NYK,32.0000,0.8445,0.5569,1.4014,0.9404,60.9683,12.6447,2029.9083,2.5030,3.0221,20923760.0000
202699,Tobias Harris,SAS,34.0000,0.6141,1.0280,1.6421,1.2330,57.6960,14.0919,1744.4946,2.4632,3.0649,15044000.0000
203935,Marcus Smart,HOU,33.0000,0.4788,1.6372,2.1160,1.8088,51.8100,19.6274,1386.4444,2.4459,3.3725,6064000.0000
1642270,Donovan Clingan,POR,23.0000,0.5516,1.1318,1.6834,1.2832,68.4351,11.0507,1686.2497,2.4327,2.8255,7519920.0000
1631106,Tari Eason,HOU,26.0000,1.0869,0.7960,1.8828,1.5255,60.1686,17.4339,1514.8841,2.4100,3.1084,14051724.0000
1630183,Jaden McDaniels,MIN,26.0000,0.4700,0.8138,1.2838,0.7975,66.8429,11.1311,2092.5998,2.3975,2.7967,26200001.0000
1631094,Paolo Banchero,ORL,24.0000,1.0927,0.0697,1.1624,0.6499,65.0282,12.7648,2258.2409,2.3834,2.8512,41500000.0000
1626181,Norman Powell,CHI,34.0000,1.4051,0.2836,1.6887,1.2896,55.3351,14.8181,1640.4295,2.3730,3.0085,21500000.0000
1627936,Alex Caruso,OKC,33.0000,0.3878,2.0780,2.4658,2.2340,55.2506,15.7410,1164.0779,2.3563,3.0276,19550160.0000
1630174,Aaron Nesmith,IND,27.0000,1.6781,-0.0147,1.6635,1.2590,59.2804,17.4095,1650.0786,2.3561,3.0480,11000000.0000
203944,Julius Randle,BKN,32.0000,2.1236,-0.7971,1.3265,0.8495,60.0736,13.7624,1989.8942,2.3430,2.8797,33333334.0000
1642345,Oso Ighodaro,PHX,24.0000,0.7445,1.2982,2.0427,1.7198,64.5266,9.2543,1325.1876,2.2657,2.5906,2296271.0000
1629630,Ja Morant,POR,27.0000,1.2451,0.4473,1.6925,1.2942,50.1371,22.0206,1503.3037,2.1789,3.1359,42166510.0000
1630541,Moses Moody,GSW,25.0000,0.7972,0.8872,1.6844,1.2843,64.3208,13.0798,1471.1876,2.1235,2.5553,12500000.0000
1627751,Jakob Poeltl,TOR,31.0000,0.6771,1.0088,1.6859,1.2862,54.7220,17.6490,1468.0737,2.1207,2.8047,19500000.0000
1629130,Duncan Robinson,DET,33.0000,1.5066,0.0008,1.5074,1.0693,60.2363,12.2413,1599.8260,2.0988,2.5253,15992957.0000
1631119,Jaylin Williams,OKC,25.0000,0.5377,1.7015,2.2391,1.9586,62.9002,14.3518,1096.8935,2.0355,2.5000,7774648.0000
1629660,Ty Jerome,MEM,29.0000,2.5516,-0.1970,2.3546,2.0989,51.0731,23.1230,1042.7175,2.0245,2.9411,9220050.0000
1629060,Rui Hachimura,LAC,29.0000,0.9774,0.3015,1.2789,0.7916,61.1188,13.8946,1768.0718,2.0192,2.4782,14000000.0000
1630549,Day'Ron Sharpe,BKN,25.0000,1.1378,1.0214,2.1591,1.8613,62.8642,15.2793,1119.3616,2.0107,2.4994,10000000.0000
1629655,Daniel Gafford,DAL,28.0000,0.8006,0.9168,1.7173,1.3244,60.1989,14.9840,1345.7787,1.9755,2.4672,17263584.0000
1631260,AJ Green,MIL,27.0000,1.3278,0.1536,1.4814,1.0377,62.7678,10.8758,1528.3365,1.9754,2.3177,10044644.0000
1641744,Zach Edey,MEM,25.0000,1.0757,0.7942,1.8698,1.5097,55.7421,21.2498,1248.4810,1.9742,2.7268,6332760.0000
1628989,Kevin Huerter,DET,28.0000,1.0228,0.5508,1.5737,1.1498,61.4921,12.5020,1438.4471,1.9579,2.3560,8333333.0000
1642263,Reed Sheppard,HOU,23.0000,1.1725,0.3564,1.5289,1.0954,64.6645,10.0847,1450.6865,1.9263,2.2267,11108880.0000
1629645,Kevin Porter Jr.,MIL,27.0000,0.5974,0.8322,1.4295,0.9746,59.2467,16.5516,1534.8660,1.9247,2.4624,5390700.0000
1630241,Sam Merrill,CLE,31.0000,1.4388,0.3183,1.7571,1.3727,56.9800,14.9452,1266.6836,1.8968,2.3943,9160715.0000
1630188,Jalen Smith,CHI,27.0000,1.6977,0.2868,1.9845,1.6491,59.7456,14.7896,1079.0685,1.7983,2.2434,9428571.0000
1629001,De'Anthony Melton,GSW,29.0000,1.1867,0.4841,1.6709,1.2679,52.8724,22.0667,1253.3251,1.7965,2.5462,5477000.0000
201950,Jrue Holiday,POR,37.0000,0.3736,0.8532,1.2268,0.7283,53.0915,16.7017,1624.0017,1.7918,2.3555,34800000.0000
1642347,Jamal Shead,TOR,24.0000,0.9325,0.4306,1.3631,0.8940,68.7899,9.4490,1479.9759,1.7828,2.0277,2296271.0000
1628960,Grayson Allen,CHA,31.0000,2.0366,-0.8348,1.2018,0.6978,57.6178,15.1989,1640.1396,1.7790,2.2483,18125000.0000
1629652,Luguentz Dort,ATL,28.0000,0.6621,0.4157,1.0778,0.5471,63.7476,12.1041,1776.7014,1.7634,2.0983,18222222.0000
1629731,Dean Wade,PHI,30.0000,0.4736,1.0902,1.5638,1.1378,58.2883,15.8868,1262.4377,1.7091,2.1749,9000000.0000
1631117,Walker Kessler,LAL,25.0000,0.2386,1.0187,1.2573,0.7653,55.0484,20.7176,1511.2340,1.7016,2.3420,30232558.0000
1631212,Peyton Watson,CLE,24.0000,0.9237,0.1911,1.1149,0.5922,65.4444,13.7604,1644.5384,1.6776,2.0303,20465116.0000
1630228,Jonathan Kuminga,MIN,24.0000,0.5700,0.7988,1.3688,0.9009,56.3283,15.5207,1379.2338,1.6673,2.1267,6064000.0000
1627739,Kris Dunn,LAC,33.0000,0.1276,1.1067,1.2343,0.7374,60.1560,11.3557,1495.7989,1.6587,1.9718,5684800.0000
203994,Jusuf Nurkić,UTA,32.0000,-0.2236,1.7003,1.4767,1.0320,50.8347,15.5712,1271.8544,1.6395,2.1417,10576923.0000
1642867,Collin Murray-Boyles,TOR,22.0000,0.3561,0.9031,1.2592,0.7677,65.6913,15.0414,1435.5282,1.6184,1.9890,6649560.0000
1630572,Sandro Mamukelashvili,LAL,28.0000,1.4840,0.4543,1.9383,1.5930,56.6793,10.0335,982.3570,1.6034,1.8872,13000000.0000
1626167,Myles Turner,MIL,31.0000,-0.1479,1.1383,0.9903,0.4409,61.6946,12.4595,1721.7312,1.5970,1.9195,26584164.0000
1642285,Cam Spencer,MEM,27.0000,1.7831,-0.2572,1.5258,1.0917,55.7652,14.0892,1195.9370,1.5853,1.9858,2411090.0000
1630180,Saddiq Bey,NOP,28.0000,1.7945,-0.8879,0.9067,0.3392,57.0115,17.8742,1800.8122,1.5584,2.0470,6440678.0000
1642864,Hugo González,BOS,21.0000,0.7330,1.1057,1.8387,1.4719,67.2467,8.9748,985.0090,1.5348,1.7396,2923560.0000
1627884,Derrick Jones Jr.,LAC,30.0000,0.6788,0.4042,1.0830,0.5536,60.5154,14.6999,1523.2506,1.5179,1.8866,10476190.0000
1629011,Mitchell Robinson,BOS,29.0000,1.0035,0.5975,1.6011,1.1831,54.7365,20.2769,1097.2604,1.5159,2.0774,15044000.0000
1631165,Keon Ellis,BKN,27.0000,0.6624,0.6030,1.2654,0.7752,61.0875,10.2528,1300.0126,1.4716,1.7186,8780488.0000
1641710,Anthony Black,ORL,23.0000,0.3076,0.6006,0.9082,0.3411,66.5645,11.5468,1687.1635,1.4620,1.7156,10106316.0000
1642271,Kyle Filipowski,UTA,23.0000,1.4226,-0.4467,0.9759,0.4234,68.2491,10.2150,1540.9243,1.4128,1.6243,3000000.0000
1629622,Max Strus,LAC,31.0000,0.8163,0.2223,1.0387,0.4996,52.5442,21.9814,1461.9289,1.4086,1.9978,16660836.0000
1629048,Goga Bitadze,ORL,27.0000,0.7330,0.9721,1.7050,1.3095,56.8340,10.3455,961.3635,1.4024,1.6577,7608696.0000
1630631,Jose Alvarado,NYK,29.0000,0.7285,0.5247,1.2533,0.7604,59.4560,14.2200,1237.2199,1.3894,1.7217,4500000.0000
1629640,Keldon Johnson,SAS,27.0000,1.2071,-0.3258,0.8813,0.3084,66.5583,10.7260,1636.0230,1.3850,1.6082,17500000.0000
1630583,Santi Aldama,DAL,26.0000,0.9647,-0.0963,0.8684,0.2927,60.8427,16.6112,1624.6194,1.3597,1.7309,17007043.0000
1641796,Pelle Larsson,MIA,26.0000,0.9581,0.0951,1.0532,0.5173,60.7886,12.1701,1368.2231,1.3330,1.5999,2296271.0000
1631170,Jaime Jaquez Jr.,MIL,26.0000,1.0887,-0.2980,0.7907,0.1982,65.0018,11.4119,1702.5967,1.3266,1.5595,5939141.0000
1628436,Luke Kornet,SAS,31.0000,0.8538,0.4438,1.2976,0.8143,59.2624,12.7370,1142.0086,1.3200,1.6038,10450000.0000
1630194,Paul Reed,DET,28.0000,0.9538,1.1408,2.0946,1.7829,52.3030,9.7289,753.9301,1.3181,1.5633,5602689.0000
1628381,John Collins,DET,29.0000,0.4345,0.3648,0.7993,0.2087,59.5756,15.1406,1667.4217,1.3099,1.6428,17000000.0000
1626156,D'Angelo Russell,MEM,31.0000,1.0959,0.2203,1.3162,0.8370,42.6132,12.9660,1110.5028,1.2990,1.6943,5969250.0000
1629057,Robert Williams III,POR,29.0000,0.1372,1.5522,1.6894,1.2904,50.0902,19.8708,864.3032,1.2507,1.7469,13968254.0000
1630611,Gui Santos,GSW,25.0000,1.1509,0.4391,1.5900,1.1696,51.4398,10.2836,895.6059,1.2299,1.4757,4629630.0000
1642856,Egor Dëmin,BKN,21.0000,0.1591,0.5767,0.7359,0.1316,64.7937,15.8857,1630.0711,1.2037,1.4988,7233720.0000
1631109,Mark Williams,PHX,25.0000,0.3414,0.5866,0.9280,0.3651,55.1034,15.7588,1361.1910,1.1995,1.5425,11728395.0000
1642281,Jaylon Tyson,CLE,24.0000,1.0799,-0.1176,0.9623,0.4068,59.7892,12.5985,1300.6757,1.1793,1.4278,3658560.0000
1642377,Jaylen Wells,MEM,23.0000,1.2402,-0.6240,0.6163,-0.0137,68.7317,11.3114,1799.0284,1.1685,1.3608,2296271.0000
1642928,Dylan Cardwell,,25.0000,0.0999,1.2635,1.3635,0.8943,46.0916,11.7681,949.6329,1.1442,1.4363,
1629634,Brandon Clarke,,30.0000,0.6736,0.7326,1.4061,0.9462,49.5372,25.6781,923.9421,1.1425,1.7348,
1629023,P.J. Washington,DAL,28.0000,-0.1497,0.7252,0.5755,-0.0632,59.0608,14.2647,1842.4612,1.1409,1.4165,19813044.0000
1642273,Kyshawn George,WAS,23.0000,0.2169,0.3751,0.5920,-0.0432,64.4214,15.6216,1793.5520,1.1327,1.4073,3108000.0000
1629012,Collin Sexton,LAL,28.0000,1.7220,-1.0157,0.7063,0.0957,61.5160,12.1810,1570.5732,1.1252,1.3480,9366000.0000
1642883,Sion James,CHA,24.0000,-0.0481,0.7441,0.6960,0.0831,70.1964,9.1569,1577.9470,1.1184,1.2643,2411090.0000
1630692,Jordan Goodwin,PHX,28.0000,0.7347,0.4227,1.1574,0.6439,49.7287,11.1887,1046.7525,1.1009,1.3486,5864198.0000
1629680,Matisse Thybulle,LAL,30.0000,-0.1059,1.2974,1.1914,0.6853,52.2030,22.4179,1013.5199,1.0916,1.5603,2449421.0000
1627742,Brandon Ingram,LAC,29.0000,0.5240,-0.0455,0.4785,-0.1811,59.0538,16.3311,1979.8921,1.0833,1.3828,40000000.0000
1630590,Scotty Pippen Jr.,MEM,26.0000,0.2464,0.7841,1.0305,0.4898,51.5652,19.3503,1122.4649,1.0747,1.4780,2461462.0000
1629614,Andrew Nembhard,IND,27.0000,0.5993,-0.0701,0.5293,-0.1194,62.4809,14.8034,1822.0224,1.0656,1.3181,19550160.0000
1642276,Kel'el Ware,MIL,23.0000,0.4028,0.3135,0.7163,0.1079,66.3303,10.3693,1469.9071,1.0640,1.2304,4654920.0000
1630598,Aaron Wiggins,ATL,28.0000,0.8596,-0.0330,0.8266,0.2419,63.2099,12.0473,1315.6830,1.0602,1.2623,9224300.0000
1642363,Nique Clifford,SAC,25.0000,0.2559,0.3054,0.5613,-0.0805,67.6360,11.0277,1697.1454,1.0330,1.2014,3263400.0000
203992,Bogdan Bogdanović,HOU,34.0000,0.8504,0.1445,0.9949,0.4465,43.0327,15.6041,1098.6785,1.0228,1.3937,2449421.0000
1627749,Dejounte Murray,NOP,30.0000,0.9894,-0.4479,0.5415,-0.1046,51.9649,22.2845,1718.6218,1.0208,1.4585,32785071.0000
1631101,Shaedon Sharpe,POR,24.0000,0.8321,-0.3760,0.4562,-0.2083,61.9943,16.4675,1898.6082,1.0073,1.2748,20089287.0000
1631222,Jake LaRavia,LAL,25.0000,1.1941,-0.5540,0.6401,0.0152,63.7142,12.2004,1500.4118,1.0011,1.1928,6000000.0000
2544,LeBron James,PHI,42.0000,0.9108,-0.4069,0.5039,-0.1503,50.9235,16.0156,1740.6153,0.9852,1.2951,3876529.0000
1630230,Naji Marshall,DAL,29.0000,0.6898,-0.1659,0.5239,-0.1260,62.1904,12.3028,1683.2815,0.9777,1.1711,9428571.0000
1629750,Javonte Green,DET,33.0000,0.3378,0.8647,1.2026,0.6988,49.0240,10.5997,889.2671,0.9651,1.1738,3943679.0000
1631246,Vince Williams Jr.,,26.0000,0.2167,0.6708,0.8875,0.3159,51.1058,17.4322,1123.7527,0.9564,1.2827,
1627827,Dorian Finney-Smith,CHA,34.0000,0.3385,0.4207,0.7592,0.1600,51.0092,16.9151,1242.9016,0.9393,1.2508,13335000.0000
1628415,Dillon Brooks,PHX,31.0000,0.3624,0.0643,0.4267,-0.2441,58.9602,13.9308,1828.4179,0.9300,1.1498,19992727.0000
1630543,Isaiah Jackson,LAC,25.0000,0.6877,0.4963,1.1840,0.6763,55.3931,17.9953,855.8924,0.9171,1.2150,7000000.0000
1628970,Miles Bridges,PHX,29.0000,0.7616,-0.3942,0.3675,-0.3161,60.7406,11.2265,1969.5759,0.9151,1.0842,22826087.0000
203484,Kentavious Caldwell-Pope,PHI,34.0000,-0.0260,0.5767,0.5507,-0.0934,56.1043,14.4948,1501.8379,0.9023,1.1354,20194392.0000
203957,Dante Exum,,31.0000,1.2036,-0.0228,1.1808,0.6723,42.6412,21.7892,825.7787,0.8828,1.3340,
1629637,Jaxson Hayes,UTA,27.0000,0.3713,0.4683,0.8396,0.2577,61.3901,13.3681,1064.7242,0.8683,1.0574,6000000.0000
1631248,Baylor Scheierman,BOS,26.0000,0.6084,0.3384,0.9468,0.3880,51.9994,9.4429,902.7203,0.8081,0.9549,2744040.0000
1641783,Tristan da Silva,ORL,26.0000,0.3383,0.0913,0.4296,-0.2405,65.5832,10.2547,1554.0217,0.7938,0.9180,3991200.0000
1630167,Obi Toppin,IND,29.0000,1.7489,-1.0841,0.6649,0.0453,58.3936,17.1399,1144.8141,0.7849,1.0153,15000000.0000
1642364,Jamir Watkins,,25.0000,0.2149,0.5483,0.7632,0.1649,48.0687,10.5340,992.3085,0.7529,0.9179,
1629684,Grant Williams,CHA,28.0000,0.6573,-0.0079,0.6494,0.0266,45.7910,15.7951,1115.0666,0.7518,1.0111,14265750.0000
1642948,Ryan Nembhard,ATL,24.0000,0.5922,0.0442,0.6364,0.0108,56.3314,10.3910,1099.2881,0.7305,0.8653,2150917.0000
1628379,Luke Kennard,PHX,31.0000,1.5409,-1.0570,0.4839,-0.1746,59.0869,13.8784,1320.3703,0.7277,0.8987,6064000.0000
1628372,Dennis Smith Jr.,,29.0000,0.3114,0.3442,0.6556,0.0341,,,1058.6583,0.7186,1.0522,
1630703,Scoot Henderson,POR,23.0000,1.0279,-0.6880,0.3399,-0.3496,60.8026,17.0857,1616.3136,0.7178,0.9195,13585523.0000
1629006,Josh Okogie,UTA,28.0000,0.5220,0.2201,0.7421,0.1392,57.1571,12.2305,958.3729,0.7121,0.8645,6000000.0000
201143,Al Horford,GSW,41.0000,0.0581,0.4882,0.5463,-0.0988,47.7088,18.2111,1186.1431,0.7087,0.9793,6822000.0000
1642914,Javon Small,,24.0000,1.2141,-0.5638,0.6503,0.0276,51.6418,15.0806,1045.3169,0.7054,0.9114,
1642857,Kasparas Jakučionis,MIL,21.0000,1.0557,-0.3927,0.6630,0.0431,57.5979,11.9366,1026.5769,0.7025,0.8480,3841680.0000
1631107,Nikola Jović,MIA,24.0000,0.0167,0.5373,0.5539,-0.0895,57.9303,16.4450,1158.5554,0.6988,0.8972,16200000.0000
1642920,Kobe Sanders,LAC,25.0000,0.6090,-0.1048,0.5041,-0.1500,61.9389,10.7809,1230.9589,0.6969,0.8183,2622139.0000
1642266,Ja'Kobe Walter,TOR,22.0000,0.3470,0.0749,0.4220,-0.2499,65.4573,12.3035,1354.5065,0.6842,0.8128,3811800.0000
201942,DeMar DeRozan,DEN,37.0000,1.5896,-1.3787,0.2110,-0.5063,57.7622,11.9567,1963.2835,0.6838,0.8253,2449421.0000
1630182,Josh Green,UTA,26.0000,0.3978,0.0493,0.4470,-0.2194,59.3332,13.0684,1289.2858,0.6753,0.8240,14679012.0000
1630538,Bones Hyland,MIN,26.0000,0.8803,0.1468,1.0271,0.4856,45.6891,9.9207,700.5037,0.6689,0.8141,2845883.0000
1631093,Jaden Ivey,,25.0000,0.8502,-0.4552,0.3949,-0.2827,56.3501,17.6327,1376.6152,0.6677,0.8766,
1629312,Haywood Highsmith,PHX,30.0000,-0.0390,0.5618,0.5228,-0.1273,50.9436,18.9964,1131.5763,0.6564,0.9011,3449421.0000
1642450,Daniss Jenkins,DET,25.0000,0.5865,0.1631,0.7496,0.1483,43.8232,9.2999,844.8042,0.6324,0.7666,4000000.0000
1641824,Matas Buzelis,CHI,22.0000,0.0043,0.2137,0.2180,-0.4977,70.7145,9.7396,1784.8483,0.6310,0.7179,5715360.0000
203110,Draymond Green,GSW,37.0000,-0.9764,1.3001,0.3238,-0.3692,52.1606,13.6946,1457.5249,0.6298,0.7952,27678571.0000
1630224,Jalen Green,PHX,25.0000,0.9032,-0.7225,0.1807,-0.5430,62.9452,15.3470,1925.4294,0.6273,0.7803,36251166.0000
1641842,Ronald Holland II,DET,21.0000,-0.7510,1.1428,0.3918,-0.2865,71.1786,9.0365,1298.8914,0.6270,0.7066,9069600.0000
1631230,Dominick Barlow,PHI,24.0000,-0.1688,0.7052,0.5363,-0.1109,51.9951,11.0866,1028.6993,0.6071,0.7365,3415000.0000
1629656,Quentin Grimes,LAL,27.0000,0.5607,-0.3512,0.2095,-0.5081,64.0642,12.5514,1744.6789,0.6057,0.7244,13953489.0000
1628370,Malik Monk,SAC,29.0000,1.3095,-1.0326,0.2769,-0.4261,58.8926,12.8516,1517.7016,0.6030,0.7346,20190035.0000
203500,Steven Adams,HOU,33.0000,0.4013,0.2530,0.6543,0.0325,48.1316,22.2655,869.5434,0.5894,0.8621,13000000.0000
1629013,Landry Shamet,NYK,30.0000,0.3300,0.1922,0.5222,-0.1280,51.7996,15.6885,999.8339,0.5795,0.7550,5357143.0000
1630245,Ayo Dosunmu,MIN,27.0000,0.6923,-0.5136,0.1787,-0.5455,62.6961,14.2167,1778.3775,0.5767,0.7075,19310345.0000
1642272,Jared McCain,OKC,23.0000,0.8308,-0.4076,0.4232,-0.2483,60.6200,15.8938,1136.4315,0.5751,0.7259,4422600.0000
1631255,Karlo Matković,NOP,26.0000,-0.2007,0.8102,0.6094,-0.0220,55.9610,13.4686,889.5404,0.5733,0.7112,2296271.0000
1631243,Mouhamed Gueye,ATL,24.0000,0.1949,0.4965,0.6913,0.0775,52.2524,12.9840,804.6507,0.5675,0.7086,2406205.0000
202696,Nikola Vučević,ORL,36.0000,0.3063,-0.1212,0.1851,-0.5377,56.3486,13.8371,1724.2452,0.5674,0.7068,2449421.0000
203897,Zach LaVine,SAC,32.0000,1.1732,-1.0127,0.1605,-0.5676,53.8788,19.2884,1808.1691,0.5620,0.7631,48967380.0000
1630568,Luka Garza,BOS,28.0000,1.7837,-0.8065,0.9771,0.4248,45.8737,10.7344,581.5879,0.5337,0.6586,2801346.0000
1628988,Aaron Holiday,,30.0000,0.4493,0.2163,0.6656,0.0462,51.6048,10.3852,725.8407,0.4981,0.5983,
1628371,Jonathan Isaac,ORL,29.0000,-0.3585,0.9859,0.6274,-0.0002,57.7471,14.5915,755.2934,0.4968,0.6224,10449421.0000
203991,Clint Capela,HOU,33.0000,-0.5350,0.9493,0.4143,-0.2592,56.6216,12.5868,984.1745,0.4915,0.6008,7035000.0000
101108,Chris Paul,,42.0000,0.4500,0.1875,0.6374,0.0120,29.2126,13.0591,732.0290,0.4870,0.7047,
1630551,Justin Champagnie,WAS,26.0000,0.8765,-0.4961,0.3804,-0.3004,50.1767,9.8910,1017.7152,0.4826,0.5777,2667944.0000
1629026,Kenrich Williams,OKC,32.0000,0.5567,-0.0747,0.4821,-0.1768,55.8710,13.8785,869.6602,0.4781,0.5969,5000000.0000
1631204,Marcus Sasser,DAL,26.0000,0.7825,-0.1969,0.5857,-0.0509,51.4773,12.7512,759.0702,0.4758,0.5936,5198983.0000
203915,Spencer Dinwiddie,,34.0000,0.7655,-0.7271,0.0384,-0.7160,,,2142.6143,0.4714,0.4968,
201144,Mike Conley,BOS,39.0000,0.0237,0.3084,0.3321,-0.3591,46.3859,12.5918,1067.3119,0.4678,0.5948,2449421.0000
1629631,De'Andre Hunter,SAC,29.0000,0.9882,-0.8571,0.1311,-0.6034,56.9704,16.4083,1551.3624,0.4482,0.5773,24910714.0000
1630314,Brandon Williams,GSW,27.0000,0.9993,-0.5784,0.4209,-0.2511,45.5832,11.8631,886.1023,0.4469,0.5632,2449421.0000
1628366,Lonzo Ball,,29.0000,-0.3840,0.8008,0.4168,-0.2561,40.3347,18.3328,859.9651,0.4311,0.6270,
201572,Brook Lopez,LAC,39.0000,-0.7265,0.8651,0.1386,-0.5942,54.3592,11.3798,1451.2343,0.4274,0.5168,9187500.0000
1641740,Jaylen Clark,MIN,25.0000,0.6651,-0.0611,0.6040,-0.0286,50.5620,14.2819,659.9989,0.4227,0.5421,3086420.0000
1631245,Quenton Jackson,,28.0000,0.5208,0.1402,0.6610,0.0406,36.5364,12.5674,616.3537,0.4208,0.5656,
1631323,Simone Fontecchio,MIA,31.0000,0.3296,-0.0600,0.2697,-0.4349,58.9071,11.8293,1071.5073,0.4200,0.5043,2449421.0000
1629004,Svi Mykhailiuk,UTA,30.0000,0.9195,-0.4408,0.4787,-0.1809,38.4100,10.5775,765.2113,0.4188,0.5341,3850000.0000
1629020,Jarred Vanderbilt,LAL,28.0000,0.1985,0.1441,0.3425,-0.3464,53.9076,16.3716,938.0309,0.4184,0.5455,12428571.0000
1642366,Quinten Post,MEM,27.0000,0.0788,0.2566,0.3354,-0.3551,53.8006,11.6887,916.5075,0.4040,0.4917,8285714.0000
1627763,Malcolm Brogdon,,34.0000,0.7738,-0.3558,0.4180,-0.2547,,,786.7727,0.3951,1.0799,
1627747,Caris LeVert,MIL,32.0000,0.4545,-0.3197,0.1347,-0.5989,58.4648,15.1482,1347.7223,0.3930,0.4949,14809200.0000
1641737,Adem Bona,PHI,24.0000,0.0922,0.1506,0.2428,-0.4676,61.8936,10.9586,1039.4911,0.3867,0.4551,2296271.0000
1630215,Jared Butler,,26.0000,0.4777,-0.1280,0.3497,-0.3377,,,852.5017,0.3848,0.6068,
1631169,Josh Minott,BKN,24.0000,0.5004,0.1911,0.6915,0.0777,46.5307,11.2014,539.2503,0.3804,0.4720,4500000.0000
1629659,Talen Horton-Tucker,,26.0000,0.6525,-0.3211,0.3314,-0.3599,,,837.6963,0.3668,0.5448,
1626172,Kevon Looney,LAL,31.0000,0.1142,0.4173,0.5315,-0.1167,40.8136,10.9763,623.8934,0.3659,0.4644,2449421.0000
1630191,Isaiah Stewart,MEM,26.0000,-0.0814,0.1736,0.0921,-0.6507,60.3583,14.0494,1386.1055,0.3604,0.4442,15000000.0000
1641854,Craig Porter Jr.,CLE,27.0000,0.5181,-0.1783,0.3398,-0.3497,54.1407,11.9987,807.5732,0.3586,0.4380,2406205.0000
1642259,Alex Sarr,WAS,22.0000,-0.4440,0.4553,0.0114,-0.7489,64.4316,15.1866,1748.2736,0.3495,0.4319,12370680.0000
1628963,Marvin Bagley III,DEN,28.0000,0.8565,-0.6354,0.2211,-0.4940,53.3307,15.5368,963.5120,0.3428,0.4427,2449421.0000
1631200,Kris Murray,MEM,26.0000,-0.5978,0.7185,0.1206,-0.6160,60.0532,12.7941,1217.0282,0.3422,0.4151,5315004.0000
1630619,Moussa Cisse,DAL,24.0000,0.0204,0.5867,0.6070,-0.0249,38.0007,9.4038,529.5903,0.3404,0.4246,2185116.0000
1631133,Jabari Walker,PHI,24.0000,0.5453,-0.2738,0.2715,-0.4327,58.6816,10.0469,861.7254,0.3389,0.3970,2584539.0000
1630527,Brandon Boston,,25.0000,0.3303,0.0285,0.3588,-0.3267,,,733.7367,0.3362,0.7254,
1631097,Bennedict Mathurin,NOP,25.0000,0.5072,-0.5255,-0.0182,-0.7848,63.1602,14.5376,1843.0241,0.3279,0.4034,7804878.0000
1642066,Myron Gardner,MIA,26.0000,0.5199,0.3720,0.8919,0.3212,41.0402,9.4429,374.3822,0.3199,0.3935,2150917.0000
203937,Kyle Anderson,TOR,33.0000,-0.6831,0.8913,0.2083,-0.5095,46.9589,12.4419,915.2110,0.3169,0.4009,2449421.0000
1630643,Jay Huff,IND,29.0000,-0.8106,1.0085,0.1978,-0.5222,53.8962,10.4923,918.3315,0.3109,0.3714,2667944.0000
1630249,Vít Krejčí,POR,27.0000,0.0833,0.0167,0.1000,-0.6411,54.6677,13.7749,1164.3252,0.3095,0.3875,2667944.0000
1642396,Blake Hinson,,27.0000,0.8635,0.0536,0.9170,0.3518,17.1746,9.5859,350.1574,0.3057,0.4763,
1626166,Cameron Payne,,32.0000,0.4238,-0.0643,0.3594,-0.3258,40.7979,11.5654,655.9638,0.3009,0.3861,
1631110,Jeremy Sochan,POR,24.0000,0.0223,0.0697,0.0919,-0.6510,56.3722,13.2479,1150.9344,0.2990,0.3693,2449421.0000
203939,Dwight Powell,,35.0000,0.1091,0.2751,0.3843,-0.2957,48.3168,12.4537,625.6669,0.2985,0.3754,
1627780,Gary Payton II,GSW,34.0000,0.4167,-0.2205,0.1962,-0.5242,56.2209,15.0469,866.8696,0.2924,0.3707,2449421.0000
203084,Harrison Barnes,SAS,35.0000,0.7495,-0.7647,-0.0153,-0.7812,60.1718,11.2236,1618.5317,0.2916,0.3460,8000000.0000
1627732,Ben Simmons,SAC,30.0000,0.1527,0.0519,0.2046,-0.5140,,,815.3827,0.2801,0.6277,2449421.0000
1629021,Moritz Wagner,BKN,30.0000,0.7366,-0.5451,0.1915,-0.5299,53.6884,19.0007,830.9119,0.2774,0.3756,9268293.0000
1641715,Cam Whitmore,CLE,22.0000,0.7220,-0.5690,0.1530,-0.5767,53.0040,16.9552,905.0345,0.2762,0.3646,1819437.0000
1642949,Yanic Konan Niederhäuser,LAC,24.0000,0.1624,0.2694,0.4318,-0.2379,52.1380,15.3274,538.7743,0.2761,0.3573,2880960.0000
1641775,Jordan Walsh,BOS,23.0000,0.6365,-0.3860,0.2504,-0.4583,49.0796,9.4165,710.0128,0.2681,0.3196,2406205.0000
1630175,Cole Anthony,MEM,27.0000,0.0119,0.1143,0.1262,-0.6093,49.0854,10.8128,909.6442,0.2595,0.3167,3700000.0000
1628449,Chris Boucher,,34.0000,0.8018,-0.1892,0.6126,-0.0182,26.2449,12.5539,397.4474,0.2571,0.3800,
1642277,Johnny Furphy,IND,22.0000,-0.0690,0.2662,0.1972,-0.5230,56.4731,16.5510,756.5237,0.2558,0.3307,2296271.0000
1641763,Julian Phillips,HOU,23.0000,0.3987,-0.0992,0.2995,-0.3987,54.9022,10.9496,606.0830,0.2510,0.3010,2537526.0000
1630679,Ethan Thompson,,28.0000,-0.0027,0.3015,0.2988,-0.3995,29.7159,9.7289,606.6045,0.2509,0.3330,
1642504,Cormac Ryan,,28.0000,0.8322,-0.1223,0.7099,0.1001,14.1129,9.7289,347.2787,0.2497,0.4219,
1630696,Dru Smith,MIA,29.0000,-0.5058,0.6450,0.1392,-0.5935,50.3030,18.1720,830.9739,0.2451,0.3336,2584539.0000
1631121,Bryce McGowens,NOP,24.0000,0.8699,-0.6774,0.1925,-0.5288,42.7219,12.4098,728.5890,0.2437,0.3145,2584539.0000
1630539,Kai Jones,,26.0000,0.1628,0.2746,0.4373,-0.2312,,,468.3700,0.2419,0.4960,
1631108,Max Christie,DAL,24.0000,0.2660,-0.3387,-0.0727,-0.8510,66.7313,9.9472,1727.4345,0.2375,0.2729,8285714.0000
203496,Robert Covington,,36.0000,-0.1477,0.5437,0.3960,-0.2814,,,488.4150,0.2373,0.6709,
1642278,Tyler Kolek,NYK,26.0000,0.0235,0.3366,0.3601,-0.3250,49.1129,10.1004,513.1635,0.2356,0.2841,2296271.0000
204456,T.J. McConnell,IND,35.0000,0.8437,-0.7881,0.0556,-0.6951,56.2327,14.3454,993.3113,0.2312,0.2902,11000000.0000
1641989,Elijah Harkless,,27.0000,0.1495,0.2484,0.3979,-0.2791,24.0371,10.8035,471.4377,0.2297,0.3329,
1642346,Ryan Dunn,PHX,24.0000,-0.4697,0.4544,-0.0153,-0.7812,65.4721,10.7235,1259.9354,0.2269,0.2641,2784240.0000
1631113,Kennedy Chandler,,24.0000,0.6867,-0.4101,0.2766,-0.4266,17.4436,9.1569,563.3135,0.2237,0.3411,
1630171,Isaac Okoro,CHI,26.0000,0.8066,-0.8809,-0.0743,-0.8529,62.9399,14.4397,1569.2382,0.2138,0.2629,11814814.0000
1642853,Rasheer Fleming,PHX,22.0000,0.1657,0.0167,0.1824,-0.5410,52.7932,9.3646,646.3825,0.2114,0.2489,2150917.0000
1631159,Leonard Miller,CHI,23.0000,0.6773,-0.2589,0.4184,-0.2541,33.2574,9.3386,416.3091,0.2092,0.2679,2406205.0000
1641772,Nae'Qwan Tomlin,CLE,26.0000,0.0298,0.1725,0.2023,-0.5168,39.0284,9.5972,606.7920,0.2074,0.2584,2411090.0000
1643052,Chaney Johnson,,25.0000,0.4539,-0.0733,0.3806,-0.3001,21.0689,9.2999,430.7774,0.2044,0.2946,
1628998,Cody Martin,,31.0000,-0.4561,0.6376,0.1815,-0.5421,27.4318,14.0305,618.8490,0.2020,0.3053,
1641771,Jalen Slawson,,27.0000,0.0048,0.5886,0.5935,-0.0414,16.3491,9.6684,298.8214,0.1890,0.3008,
1641713,GG Jackson,MEM,22.0000,0.6507,-0.6910,-0.0403,-0.8116,52.9869,13.1087,1125.7991,0.1819,0.2269,2406205.0000
1642967,John Poulakidas,,24.0000,0.3859,-0.0047,0.3811,-0.2995,18.9296,9.1569,369.0333,0.1752,0.2600,
1642461,Spencer Jones,DEN,26.0000,-0.3914,0.3870,-0.0044,-0.7681,46.5426,11.2776,913.4391,0.1719,0.2135,6000000.0000
1626171,Bobby Portis Jr.,MIA,32.0000,0.6194,-0.7036,-0.0843,-0.8651,54.0801,12.0287,1326.3806,0.1709,0.2089,14521414.0000
1642866,Joan Beringer,MIN,20.0000,0.6113,-0.2101,0.4012,-0.2751,42.3213,8.5849,332.3612,0.1628,0.1958,4411200.0000
1630695,Micah Potter,POR,29.0000,0.2044,-0.1183,0.0862,-0.6580,34.4498,10.3979,635.5759,0.1624,0.2114,2801346.0000
1629028,Deandre Ayton,WAS,28.0000,-0.3865,0.2504,-0.1361,-0.9281,60.3179,15.5338,1735.4965,0.1567,0.1971,8104000.0000
1626162,Kelly Oubre Jr.,IND,31.0000,0.2991,-0.4479,-0.1488,-0.9435,57.8061,16.5709,1860.4951,0.1505,0.1936,8050000.0000
1642954,Will Richard,GSW,24.0000,0.1836,-0.2934,-0.1098,-0.8961,64.0107,10.8847,1277.2502,0.1403,0.1642,2150917.0000
1642885,Mohamed Diawara,NYK,22.0000,0.0313,0.0406,0.0719,-0.6753,62.2028,8.8709,571.6814,0.1400,0.1600,2232143.0000
1643018,LJ Cryer,,25.0000,0.3492,-0.2166,0.1327,-0.6014,29.2546,13.0022,474.8134,0.1377,0.1990,
1629014,Anfernee Simons,PHI,28.0000,1.0945,-1.2466,-0.1521,-0.9475,59.8791,15.7496,1753.7062,0.1376,0.1738,6000000.0000
1629723,John Konchar,MIN,31.0000,-1.1686,1.1067,-0.0619,-0.8379,50.9013,14.5598,925.0153,0.1346,0.1731,4504421.0000
201587,Nicolas Batum,LAC,38.0000,-0.2271,0.1402,-0.0869,-0.8683,53.6880,12.5178,1011.0452,0.1283,0.1582,5881680.0000
1642862,Liam McNeeley,CHA,21.0000,0.2333,-0.1478,0.0855,-0.6588,39.7634,11.1961,471.4165,0.1202,0.1541,2902080.0000
1628380,Zach Collins,CHI,29.0000,-0.3539,0.2606,-0.0933,-0.8761,52.7289,19.6840,957.6294,0.1169,0.1606,8292683.0000
1629162,Jordan McLaughlin,SAS,31.0000,0.1164,0.1011,0.2175,-0.4984,43.0172,12.7106,329.7819,0.1165,0.1509,2449421.0000
1631131,Oscar Tshiebwe,HOU,27.0000,0.6060,-0.4325,0.1736,-0.5517,21.8376,9.9753,349.7926,0.1121,0.1633,2537526.0000
1631250,Pete Nance,MIL,27.0000,0.5927,-0.5046,0.0881,-0.6556,29.6859,10.3000,425.2956,0.1093,0.1472,2537526.0000
1629007,Jontay Porter,,27.0000,0.0111,0.1380,0.1492,-0.5814,,,359.7383,0.1088,0.3430,
1629626,Bol Bol,,27.0000,0.0187,0.0375,0.0562,-0.6944,,,456.7013,0.1065,0.2251,
1642874,Danny Wolf,BKN,23.0000,-0.6527,0.5099,-0.1428,-0.9363,59.4007,12.4694,1237.1615,0.1056,0.1277,2941440.0000
1642882,Julian Reese,,24.0000,0.2844,-0.3079,-0.0236,-0.7913,18.9296,9.1569,584.6346,0.1017,0.1509,
1631197,Jared Rhoden,,27.0000,0.3350,-0.0165,0.3185,-0.3756,,,233.7047,0.1001,0.5399,
1642950,Lachlan Olbrich,,23.0000,0.0904,-0.0027,0.0877,-0.6561,39.5790,10.0012,368.2144,0.0945,0.1184,
1630205,Lamar Stevens,,29.0000,-0.1667,0.3009,0.1342,-0.5996,,,316.9263,0.0923,0.2980,
1641757,Jordan Miller,LAC,27.0000,0.9662,-1.0811,-0.1149,-0.9023,45.5938,13.1899,847.9399,0.0900,0.1160,5300000.0000
1643158,Andersson Garcia,,26.0000,-0.0497,0.1072,0.0575,-0.6927,11.3203,9.4429,382.0605,0.0895,0.1642,
1642024,Alex Reese,,28.0000,0.1857,0.1097,0.2954,-0.4037,,,216.0467,0.0888,0.4855,
1630165,Killian Hayes,,25.0000,-0.1729,0.1402,-0.0327,-0.8024,25.2634,9.7121,527.3820,0.0882,0.1221,
1642955,Kadary Richmond,,25.0000,0.1240,0.1146,0.2386,-0.4727,10.6670,9.2999,237.5184,0.0876,0.1640,
1629111,Jock Landale,ATL,31.0000,1.0035,-1.1318,-0.1283,-0.9186,49.3154,11.6877,900.7629,0.0866,0.1071,14100000.0000
1631116,Patrick Baldwin Jr.,,24.0000,0.0797,0.1672,0.2469,-0.4626,24.0823,9.4282,227.0497,0.0851,0.1185,
203486,Mason Plumlee,,37.0000,0.0660,-0.0947,-0.0287,-0.7975,33.8971,13.6805,499.8942,0.0851,0.1194,
1626158,Richaun Holmes,,33.0000,0.0862,-0.1386,-0.0524,-0.8264,,,542.1250,0.0827,0.1959,
1630204,Ashton Hagans,,27.0000,-0.0149,0.1008,0.0859,-0.6583,,,315.5717,0.0806,0.3477,
1630173,Precious Achiuwa,SAC,27.0000,-0.1663,-0.0139,-0.1803,-0.9818,61.4866,11.7113,1391.7423,0.0800,0.0953,5477000.0000
1642352,Keshad Johnson,,26.0000,0.3423,-0.1587,0.1836,-0.5396,29.8955,10.9286,243.1862,0.0797,0.1089,
1641787,Tosan Evbuomwan,,26.0000,-0.0350,0.0764,0.0414,-0.7124,18.2302,9.4429,352.6856,0.0784,0.1190,
1642490,Josh Oduro,,26.0000,0.1971,-0.0804,0.1166,-0.6209,9.8343,9.4429,268.0397,0.0746,0.1462,
1630197,Aleksej Pokusevski,,25.0000,-0.0858,0.0743,-0.0115,-0.7766,,,405.3833,0.0742,0.2172,
1643133,Lawson Lovering,,24.0000,0.0810,0.0354,0.1164,-0.6212,10.7567,9.1569,264.9638,0.0737,0.1364,
1628420,Monte Morris,,32.0000,0.1181,-0.0868,0.0314,-0.7245,25.5470,13.8138,330.3951,0.0710,0.1094,
1631367,Jacob Gilyard,,28.0000,0.2066,-0.3281,-0.1215,-0.9104,,,698.4050,0.0707,0.1413,
1630639,A.J. Lawson,,26.0000,0.2769,-0.2534,0.0234,-0.7342,28.5578,9.4429,325.2358,0.0679,0.0904,
1631216,Caleb Houstan,NOP,24.0000,0.1986,-0.2510,-0.0525,-0.8264,38.1074,9.4457,436.1378,0.0665,0.0830,2625627.0000
1630231,KJ Martin,,26.0000,0.1445,-0.2972,-0.1527,-0.9483,,,845.4970,0.0659,0.1086,
1641869,Malachi Smith,TOR,27.0000,0.1610,-0.2180,-0.0569,-0.8319,17.9176,9.5859,428.6129,0.0639,0.0981,2185116.0000
1630550,JT Thor,,24.0000,-0.1430,0.0701,-0.0729,-0.8513,,,461.8407,0.0634,0.1398,
1630288,Jeff Dowtin Jr.,,30.0000,0.3076,-0.3777,-0.0701,-0.8479,,,429.2687,0.0598,0.1669,
201567,Kevin Love,,38.0000,0.2288,-0.3084,-0.0796,-0.8594,28.4479,13.3876,442.8875,0.0586,0.0862,
1628418,Thomas Bryant,CLE,29.0000,0.1001,-0.2401,-0.1400,-0.9328,48.7477,10.3656,631.0753,0.0552,0.0669,2449421.0000
1631123,Jamaree Bouyea,PHX,28.0000,-0.6173,0.5642,-0.0531,-0.8272,25.4808,9.7289,348.3206,0.0530,0.0732,2584539.0000
1629022,Lonnie Walker IV,DEN,28.0000,0.2458,-0.4003,-0.1545,-0.9505,,,690.4780,0.0529,0.1233,3286399.0000
1641747,DaRon Holmes II,DEN,24.0000,0.1434,-0.1670,-0.0236,-0.7913,35.7452,17.1389,299.5593,0.0521,0.0771,3372120.0000
1631214,Alondes Williams,,28.0000,0.2136,0.0715,0.2850,-0.4163,8.6891,9.7289,128.2826,0.0517,0.1097,
1626153,Delon Wright,,35.0000,-0.5908,0.4358,-0.1550,-0.9510,,,677.3247,0.0517,0.0990,
1631254,Kenneth Lofton Jr.,,24.0000,0.1246,-0.0459,0.0787,-0.6670,,,198.3017,0.0496,0.1936,
203952,Andrew Wiggins,MIA,32.0000,0.0325,-0.2528,-0.2202,-1.0303,58.8054,13.9903,1748.2378,0.0486,0.0601,30169644.0000
1630531,Jaden Springer,,24.0000,-0.0931,-0.0120,-0.1050,-0.8903,,,421.9030,0.0479,0.0864,
1629052,Oshae Brissett,,29.0000,0.0673,-0.1545,-0.0872,-0.8687,,,337.4110,0.0427,0.1369,
1631288,Jamal Cain,ORL,28.0000,0.5535,-0.6749,-0.1214,-0.9102,34.0902,10.4070,418.2308,0.0423,0.0553,2584539.0000
1627788,Furkan Korkmaz,,29.0000,0.0371,-0.1081,-0.0710,-0.8490,,,299.9267,0.0416,0.0975,
1642362,Payton Sandfort,,24.0000,0.1018,-0.0779,0.0239,-0.7337,12.2427,9.1569,193.8423,0.0406,0.0709,
1642380,Adama Bal,,23.0000,0.1225,-0.2757,-0.1532,-0.9488,16.5435,9.2608,499.0247,0.0388,0.0604,
1642357,David Jones Garcia,,25.0000,0.1397,0.0253,0.1649,-0.5622,19.0919,10.5340,117.9790,0.0371,0.0575,
1642449,Tolu Smith,DET,26.0000,0.1492,-0.0752,0.0741,-0.6726,15.1597,9.5972,146.5935,0.0361,0.0590,2411090.0000
1631209,Isaiah Wong,,26.0000,0.0467,-0.0038,0.0429,-0.7105,,,161.0153,0.0360,0.2379,
1641970,Maozinha Pereira,,26.0000,0.0319,0.0855,0.1174,-0.6200,,,121.6333,0.0339,0.3972,
1630240,Saben Lee,,28.0000,0.0020,-0.0212,-0.0192,-0.7860,,,184.9717,0.0328,0.1120,
1642530,Yuki Kawamura,LAC,26.0000,0.1746,-0.2102,-0.0357,-0.8060,22.8189,9.8323,193.5364,0.0319,0.0457,2449421.0000
1628981,Bruno Fernando,,28.0000,-0.2202,0.0812,-0.1390,-0.9316,,,360.8693,0.0318,0.0925,
1642368,N'Faly Dante,,25.0000,0.0504,-0.0050,0.0454,-0.7075,19.4729,13.3107,139.3123,0.0314,0.0528,
1642400,Tristan Enaruna,,26.0000,0.0966,-0.0492,0.0474,-0.7051,14.2923,9.4429,135.1945,0.0307,0.0509,
1642938,Curtis Jones,,25.0000,0.0644,-0.0300,0.0345,-0.7208,15.8680,9.2999,139.1886,0.0302,0.0479,
1631262,Jules Bernard,,27.0000,0.0759,-0.0645,0.0114,-0.7488,,,149.2750,0.0298,0.1288,
1629647,Darius Bazley,,27.0000,0.0418,-0.0365,0.0053,-0.7562,,,151.8250,0.0297,0.2703,
1630286,Trevon Scott,,30.0000,-0.0505,-0.0607,-0.1112,-0.8978,8.7326,10.0149,265.2307,0.0289,0.0620,
1628426,Sasha Vezenkov,,31.0000,0.0556,-0.2396,-0.1840,-0.9863,,,511.0733,0.0280,0.0546,
1642911,Rocco Zikarsky,,20.0000,0.0223,0.0058,0.0281,-0.7285,17.8049,9.3254,129.9165,0.0276,0.0420,
1643060,Hayden Gray,,24.0000,0.0299,-0.0069,0.0231,-0.7346,10.0137,9.1569,123.9193,0.0259,0.0495,
1630186,Jahmi'us Ramsey,,26.0000,0.0001,0.0220,0.0221,-0.7358,,,121.0850,0.0252,0.2949,
1642855,Noa Essengue,CHI,20.0000,-0.0043,-0.0087,-0.0130,-0.7784,45.8428,24.3813,138.2925,0.0251,0.0385,5701200.0000
1630604,E.J. Liddell,PHX,26.0000,0.0762,-0.1930,-0.1169,-0.9047,21.9561,9.8778,235.3264,0.0246,0.0357,706898.0000
1628984,Devonte' Graham,,32.0000,-0.1038,-0.0537,-0.1576,-0.9541,,,312.9233,0.0233,0.0830,
1641815,Isaiah Stevens,,26.0000,0.0519,-0.0129,0.0390,-0.7152,10.8696,9.9866,104.4233,0.0230,0.0442,
1630641,Ibou Badji,,24.0000,-0.1830,0.0597,-0.1233,-0.9125,,,225.8183,0.0225,0.0840,
1629716,Marques Bolden,,29.0000,-0.0206,0.0035,-0.0171,-0.7834,,,121.2800,0.0217,0.1616,
1630846,Olivier Sarr,,28.0000,0.0426,0.0129,0.0555,-0.6952,11.7663,10.0589,92.5188,0.0215,0.0399,
203490,Otto Porter Jr.,,34.0000,-0.1038,0.0070,-0.0968,-0.8803,,,174.0733,0.0208,0.1138,
1642886,Koby Brea,,24.0000,0.0827,-0.1217,-0.0390,-0.8100,18.1866,9.1569,127.1044,0.0207,0.0311,
1629618,Jalen Pickett,,27.0000,-0.1170,-0.0927,-0.2097,-1.0175,41.5222,10.2030,577.6791,0.0206,0.0257,
1641778,Leaky Black,,28.0000,-0.2066,0.0070,-0.1996,-1.0053,21.4517,10.7754,461.7262,0.0199,0.0299,
1641761,Grant Nelson,,25.0000,0.0187,-0.0085,0.0102,-0.7503,11.4100,9.2999,99.8659,0.0199,0.0361,
1642933,Keshon Gilbert,,24.0000,-0.0298,-0.1110,-0.1408,-0.9338,12.2427,9.1569,225.8262,0.0196,0.0343,
1642269,Devin Carter,BOS,25.0000,0.1853,-0.4071,-0.2218,-1.0322,46.3622,14.6553,729.2196,0.0194,0.0256,7607501.0000
1643047,CJ Huntley,,25.0000,0.0071,-0.0456,-0.0386,-0.8095,11.4100,9.2999,115.2409,0.0188,0.0341,
1642389,Zyon Pullin,,26.0000,0.0575,-0.0662,-0.0087,-0.7733,15.2951,11.8765,99.2932,0.0184,0.0326,
203924,Jerami Grant,MEM,33.0000,0.6719,-0.9151,-0.2432,-1.0582,54.4815,17.4017,1704.4986,0.0183,0.0242,34206898.0000
1631173,Terquavion Smith,,24.0000,0.0632,-0.0334,0.0298,-0.7264,,,84.4967,0.0181,0.0925,
1630285,Zavier Simpson,,30.0000,-0.1193,0.0086,-0.1106,-0.8971,,,161.3833,0.0176,0.2066,
1641851,Timmy Allen,,27.0000,-0.0781,0.0059,-0.0722,-0.8504,,,125.4517,0.0173,0.2836,
1629685,Dylan Windler,,30.0000,0.0374,-0.0819,-0.0445,-0.8167,,,108.4100,0.0172,0.0829,
1642878,Tyrese Proctor,CLE,23.0000,0.1706,-0.3883,-0.2177,-1.0272,52.2150,11.4821,569.2338,0.0169,0.0206,2150917.0000
1630562,Matt Hurt,,27.0000,-0.0339,-0.0251,-0.0590,-0.8344,,,113.2383,0.0167,0.1713,
1630547,James Bouknight,,26.0000,0.0698,-0.0556,0.0142,-0.7454,,,80.9000,0.0163,0.0957,
1631301,Jaylen Sims,,28.0000,0.0510,-0.1171,-0.0661,-0.8430,,,111.8083,0.0159,0.2175,
1642434,Riley Minix,,26.0000,0.0726,-0.0766,-0.0041,-0.7676,12.7884,9.8323,82.7696,0.0156,0.0276,
1630207,Nate Hinton,,28.0000,0.0425,-0.0222,0.0203,-0.7380,,,74.5517,0.0154,0.0842,
1642876,Adou Thiero,LAL,23.0000,0.0205,-0.2051,-0.1846,-0.9870,47.0369,18.1462,280.1580,0.0152,0.0211,2150917.0000
1642935,Chucky Hepburn,,24.0000,-0.0218,-0.0186,-0.0404,-0.8117,14.2299,10.8847,94.1547,0.0152,0.0268,
1629717,Armoni Brooks,,29.0000,0.0271,-0.0928,-0.0657,-0.8425,,,104.0233,0.0148,0.1217,
1643024,Chris Mañon,,25.0000,-0.0214,0.0214,-0.0000,-0.7627,15.1250,9.2999,77.4483,0.0148,0.0239,
203933,T.J. Warren,,33.0000,-0.0935,-0.0051,-0.0986,-0.8825,,,124.6733,0.0147,0.1099,
1626174,Christian Wood,,31.0000,-0.5357,0.3004,-0.2353,-1.0487,,,871.9433,0.0144,0.0237,
1628424,Kobi Simmons,,29.0000,0.0110,0.0140,0.0251,-0.7322,,,67.4333,0.0142,0.2324,
1630585,Marcus Garrett,,28.0000,-0.0046,-0.0206,-0.0251,-0.7932,,,79.3833,0.0137,0.2812,
1642910,John Tonje,,26.0000,-0.0068,-0.0345,-0.0413,-0.8129,12.0633,9.4429,84.2387,0.0135,0.0241,
1630554,Jason Preston,,27.0000,0.0128,-0.0150,-0.0022,-0.7653,,,71.1333,0.0135,0.1582,
1641725,Trey Alexander,,24.0000,-0.0399,-0.1031,-0.1430,-0.9365,20.1370,9.1569,155.7403,0.0133,0.0193,
1628962,Udoka Azubuike,,27.0000,-0.0243,-0.0807,-0.1050,-0.8903,,,112.8283,0.0128,0.0656,
1642505,Alex Ducas,,26.0000,-0.0339,-0.0912,-0.1251,-0.9147,,,125.3417,0.0123,0.0482,
1631205,Buddy Boeheim,,27.0000,0.0347,-0.0555,-0.0208,-0.7880,11.0183,9.5859,66.9419,0.0118,0.0220,
1630181,R.J. Hampton,,26.0000,-0.0115,-0.0399,-0.0514,-0.8251,,,76.0217,0.0117,0.1194,
1642013,Malik Williams,,28.0000,-0.0866,-0.0240,-0.1107,-0.8972,,,106.5083,0.0116,0.1363,
1631220,Dereon Seabron,,27.0000,0.0220,0.0044,0.0264,-0.7305,,,55.0833,0.0116,0.1589,
1631127,Harrison Ingram,UTA,24.0000,0.0268,-0.0461,-0.0193,-0.7862,13.9144,9.1569,65.3514,0.0116,0.0192,2449421.0000
1641735,Amari Bailey,,23.0000,0.0188,-0.0367,-0.0178,-0.7843,,,64.6333,0.0115,0.0945,
203200,Justin Holiday,,38.0000,-0.1838,-0.0569,-0.2407,-1.0552,,,862.0133,0.0108,0.0153,
1642050,Jackson Rowe,,30.0000,0.0221,-0.0145,0.0076,-0.7534,,,51.7317,0.0102,0.1394,
1642280,Trentyn Flowers,,22.0000,-0.0059,-0.0285,-0.0344,-0.8045,16.0174,10.1050,61.3782,0.0102,0.0166,
1641752,Bobi Klintman,,24.0000,-0.1099,-0.0565,-0.1664,-0.9649,25.1967,13.3847,145.1997,0.0098,0.0151,
1631306,Cole Swider,,28.0000,-0.0619,-0.0994,-0.1613,-0.9587,,,136.4193,0.0098,0.0607,
1641801,Emanuel Miller,,27.0000,0.0042,-0.0697,-0.0655,-0.8423,12.0067,10.2030,66.8606,0.0095,0.0177,
1631112,Kendall Brown,,24.0000,-0.0117,-0.0406,-0.0523,-0.8262,,,62.5083,0.0095,0.0521,
1643257,Jayson Kent,,25.0000,-0.0116,-0.0115,-0.0231,-0.7907,12.1530,9.2999,54.6074,0.0095,0.0168,
1629117,Wenyen Gabriel,,30.0000,-0.1061,0.0039,-0.1022,-0.8869,,,81.0167,0.0094,0.1535,
1629650,Moses Brown,,27.0000,-0.0554,-0.1199,-0.1753,-0.9757,,,151.1373,0.0092,0.0457,
1631257,Jermaine Samuels Jr.,,28.0000,-0.0121,-0.0401,-0.0522,-0.8261,,,60.1317,0.0092,0.0538,
1627741,Buddy Hield,ATL,34.0000,0.3266,-0.5726,-0.2460,-1.0616,50.3532,10.5869,1054.1128,0.0091,0.0111,9658536.0000
1630688,Ish Wainright,,32.0000,-0.0654,0.0038,-0.0616,-0.8376,,,62.3900,0.0091,0.0678,
1641813,Mark Sears,,25.0000,0.0312,-0.0484,-0.0172,-0.7835,13.6390,9.2999,50.8182,0.0091,0.0153,
1641890,Tyler Smith,,22.0000,0.0228,-0.2275,-0.2047,-1.0115,24.6772,9.8039,228.1471,0.0090,0.0125,
1631311,Lester Quinones,,26.0000,-0.0091,-0.2036,-0.2127,-1.0211,,,267.8020,0.0090,0.0325,
1631298,Jack White,,29.0000,-0.0544,-0.0151,-0.0694,-0.8471,,,63.6483,0.0089,0.1460,
1641789,Jazian Gortman,,24.0000,-0.0110,-0.0368,-0.0478,-0.8207,,,56.6167,0.0088,0.0453,
1641807,Norchad Omier,,25.0000,0.0182,-0.0491,-0.0309,-0.8002,12.8960,9.2999,50.8675,0.0086,0.0148,
1629678,Admiral Schofield,,30.0000,-0.0751,-0.0466,-0.1218,-0.9107,,,84.3583,0.0085,0.0304,
1630561,David Duke Jr.,,27.0000,0.0526,-0.0297,0.0228,-0.7349,,,40.7700,0.0085,0.1340,
1641809,Drew Peterson,,27.0000,-0.0974,-0.0713,-0.1687,-0.9677,15.3100,9.7417,127.6035,0.0084,0.0138,
1627746,Skal Labissiere,,31.0000,-0.0041,-0.0245,-0.0286,-0.7974,5.9496,10.1579,49.2777,0.0084,0.0227,
1630564,RaiQuan Gray,,27.0000,0.0394,-0.0117,0.0277,-0.7290,,,39.0333,0.0083,0.1357,
1630644,Mac McClung,,28.0000,-0.0543,-0.1214,-0.1757,-0.9761,11.6053,9.7289,134.4267,0.0082,0.0151,
1630828,Alex Antetokounmpo,,25.0000,0.0163,-0.0257,-0.0094,-0.7741,12.8960,9.2999,44.3586,0.0082,0.0141,
1629010,Jerome Robinson,,30.0000,-0.0797,-0.0422,-0.1219,-0.9108,,,80.7167,0.0081,0.0304,
1642951,Sean Pedulla,,24.0000,-0.0311,-0.0556,-0.0867,-0.8680,14.4717,9.1569,64.0888,0.0081,0.0133,
1641749,Keyontae Johnson,,27.0000,-0.0462,-0.0461,-0.0923,-0.8748,,,66.2000,0.0081,0.0741,
1631199,Ron Harper Jr.,BOS,27.0000,0.0069,-0.2114,-0.2045,-1.0112,18.6619,9.9562,204.7746,0.0081,0.0124,3150752.0000
1631218,Trayce Jackson-Davis,TOR,27.0000,-0.1227,-0.1194,-0.2421,-1.0569,52.1529,10.4944,678.9163,0.0079,0.0094,2406205.0000
1630528,Josh Christopher,,25.0000,-0.0733,-0.0325,-0.1057,-0.8912,,,69.3500,0.0078,0.0459,
1629308,Juan Toscano-Anderson,,34.0000,-0.0405,-0.0199,-0.0604,-0.8360,,,52.6633,0.0077,0.0576,
1630678,Terry Taylor,,27.0000,-0.0678,-0.0659,-0.1338,-0.9252,,,78.8520,0.0073,0.0419,
1631457,Alex Morales,,29.0000,-0.0187,-0.0345,-0.0531,-0.8272,8.0793,9.8719,47.6341,0.0072,0.0161,
1630535,Greg Brown III,,25.0000,-0.0001,-0.0127,-0.0128,-0.7783,,,39.7433,0.0072,0.0988,
1628385,Harry Giles III,,29.0000,-0.0389,-0.1224,-0.1614,-0.9588,,,99.9200,0.0071,0.0255,
1641754,Seth Lundy,,27.0000,-0.0313,-0.0416,-0.0729,-0.8513,,,51.9833,0.0071,0.0650,
1641766,Adama Sanogo,,25.0000,0.0503,-0.0663,-0.0160,-0.7821,,,39.2037,0.0070,0.0962,
1628373,Frank Ntilikina,,28.0000,-0.0133,-0.0293,-0.0426,-0.8145,,,42.9000,0.0069,0.1124,
1641788,Alex Fudge,,24.0000,-0.0023,-0.0263,-0.0286,-0.7974,,,40.2167,0.0068,0.0936,
1642282,Hunter Sallis,,24.0000,-0.0432,-0.0482,-0.0914,-0.8738,14.9678,9.4038,54.8963,0.0068,0.0110,
1641803,Tristen Newton,,26.0000,0.0030,-0.0273,-0.0243,-0.7922,10.2987,9.4429,38.5082,0.0067,0.0128,
1643141,Jahmyl Telfort,,26.0000,-0.0568,-0.0380,-0.0948,-0.8779,13.5493,9.4429,54.2537,0.0066,0.0111,
1641793,D'Moi Hodge,,28.0000,-0.0132,-0.0338,-0.0470,-0.8198,,,41.2433,0.0065,0.0756,
1630621,Hunter Dickinson,,26.0000,-0.0815,-0.0881,-0.1696,-0.9688,11.3203,9.4429,96.1736,0.0063,0.0115,
1642917,Max Shulga,,25.0000,-0.0508,-0.0527,-0.1035,-0.8884,16.6110,9.2999,54.7784,0.0063,0.0098,
1641936,Miles Norris,,27.0000,-0.0123,-0.0086,-0.0209,-0.7881,,,34.9167,0.0061,0.1511,
1642422,Armel Traore,,24.0000,-0.1071,-0.0269,-0.1340,-0.9255,,,66.6667,0.0061,0.0558,
1642884,Vladislav Goldin,,26.0000,-0.0225,-0.0196,-0.0420,-0.8137,14.2923,9.4429,38.0519,0.0061,0.0101,
1630600,Isaiah Mobley,,27.0000,-0.0065,-0.0434,-0.0499,-0.8233,,,39.1887,0.0061,0.1079,
1641857,Liam Robbins,,27.0000,-0.0870,-0.0305,-0.1175,-0.9055,,,56.9667,0.0059,0.0374,
1628408,PJ Dozier,,30.0000,-0.0052,-0.0290,-0.0342,-0.8042,,,34.9167,0.0058,0.0528,
1630929,Henri Drell,,27.0000,0.0104,-0.0083,0.0022,-0.7600,,,29.9167,0.0058,0.0947,
1630222,Mason Jones,,28.0000,-0.0063,-0.0543,-0.0606,-0.8363,,,38.3083,0.0056,0.0575,
1630762,Phillip Wheeler,,25.0000,-0.0629,-0.0278,-0.0907,-0.8729,,,44.3967,0.0055,0.0904,
1627853,Ryan Arcidiacono,,33.0000,-0.0764,-0.0171,-0.0935,-0.8763,,,45.1550,0.0055,0.0226,
1629718,Charlie Brown Jr.,,30.0000,-0.0331,-0.0260,-0.0590,-0.8344,,,37.2833,0.0055,0.0564,
1630649,Stanley Umude,,28.0000,-0.1310,-0.0653,-0.1963,-1.0012,16.3342,10.4796,119.1353,0.0054,0.0089,
1641753,Chris Livingston,,23.0000,-0.1209,-0.0645,-0.1854,-0.9880,20.7438,10.0385,101.2351,0.0054,0.0081,
1642279,Ulrich Chomche,,21.0000,0.0054,-0.0387,-0.0332,-0.8031,,,32.1750,0.0054,0.0629,
1631210,Jacob Toppin,,27.0000,-0.0587,-0.0976,-0.1563,-0.9527,16.7987,11.1507,68.9973,0.0052,0.0086,
1630227,Daishen Nix,,25.0000,0.0147,-0.0250,-0.0103,-0.7751,,,27.8533,0.0051,0.0538,
1641926,Dexter Dennis,,28.0000,-0.0158,-0.0124,-0.0282,-0.7970,,,29.8667,0.0051,0.0835,
1630618,D.J. Carton,,26.0000,-0.0272,-0.0342,-0.0615,-0.8374,,,34.2453,0.0050,0.1024,
1631338,Mouhamadou Gueye,,28.0000,-0.1916,-0.0179,-0.2095,-1.0172,9.4663,9.8114,138.1762,0.0049,0.0101,
1631211,Trevor Keels,,23.0000,-0.0218,-0.0176,-0.0395,-0.8106,16.0473,9.0139,29.9818,0.0049,0.0076,
1626246,Boban Marjanovic,,38.0000,-0.0937,-0.0717,-0.1654,-0.9637,,,70.9100,0.0049,0.0285,
1642443,Jahmir Young,,26.0000,-0.0095,-0.1540,-0.1634,-0.9613,15.7783,9.4429,68.1290,0.0048,0.0076,
1630296,Braxton Key,,30.0000,-0.0202,-0.0301,-0.0503,-0.8238,,,30.4883,0.0047,0.0393,
1629098,Jack McVeigh,,31.0000,-0.0720,-0.0403,-0.1123,-0.8992,,,43.2500,0.0047,0.0426,
1641779,Jalen Bridges,,26.0000,-0.0280,-0.0274,-0.0554,-0.8300,,,30.3733,0.0046,0.0468,
1629603,Mamadi Diakite,MEM,30.0000,-0.0062,-0.0092,-0.0154,-0.7814,,,24.4350,0.0044,0.0601,464050.0000
1642854,Asa Newell,ATL,21.0000,0.2107,-0.4568,-0.2461,-1.0618,44.4606,8.7279,505.1412,0.0043,0.0052,3399480.0000
1630259,Jordan Ford,,29.0000,0.0063,-0.0149,-0.0087,-0.7732,,,21.8167,0.0040,0.0552,
1631386,Taze Moore,,29.0000,-0.0286,-0.0369,-0.0655,-0.8423,,,28.0433,0.0040,0.1173,
1641780,Johni Broome,LAC,24.0000,-0.1640,-0.0602,-0.2242,-1.0351,32.3290,16.5615,160.9446,0.0040,0.0061,2150917.0000
1642959,Chris Youngblood,,25.0000,-0.0381,-0.1905,-0.2286,-1.0405,33.6999,9.2999,183.4579,0.0040,0.0051,
1641817,Anton Watson,,26.0000,-0.0099,-0.0272,-0.0370,-0.8077,,,22.1667,0.0036,0.0331,
1628995,Kevin Knox II,,27.0000,0.0766,-0.3178,-0.2412,-1.0558,,,274.2873,0.0033,0.0132,
1630586,Usman Garuba,,25.0000,-0.0055,-0.0062,-0.0117,-0.7769,,,17.7833,0.0033,0.0444,
201577,Robin Lopez,,39.0000,-0.1156,-0.0763,-0.1919,-0.9959,,,64.7300,0.0032,0.0162,
1641879,Yuri Collins,,26.0000,0.0078,-0.0050,0.0028,-0.7593,,,16.3000,0.0032,0.0776,
202738,Isaiah Thomas,,38.0000,-0.0210,-0.0245,-0.0455,-0.8179,,,19.3833,0.0031,0.0418,
201980,Danny Green,,40.0000,-0.0248,-0.0152,-0.0400,-0.8113,,,18.4500,0.0030,0.0489,
1628391,D.J. Wilson,,31.0000,0.0054,-0.0069,-0.0015,-0.7645,,,15.4667,0.0029,0.0483,
1630283,Kylor Kelley,,29.0000,-0.0760,-0.1521,-0.2282,-1.0399,,,125.9567,0.0028,0.0206,
1641847,Andrew Funk,,27.0000,-0.0053,-0.0062,-0.0115,-0.7767,,,13.4000,0.0025,0.0402,
1642385,Cui Cui,,24.0000,-0.0015,-0.0030,-0.0045,-0.7682,,,10.3183,0.0019,0.0318,
1630563,Joshua Primo,,24.0000,-0.0026,-0.0054,-0.0080,-0.7723,,,10.2667,0.0019,0.0312,
1630542,Marcus Bagley,,25.0000,-0.2366,-0.0110,-0.2476,-1.0635,,,253.1550,0.0019,0.0155,
1642468,Darius Brown II,,27.0000,-0.0016,-0.0044,-0.0059,-0.7699,7.5156,9.5859,10.0209,0.0019,0.0043,
1642439,Quincy Olivari,,26.0000,-0.0062,-0.0130,-0.0192,-0.7859,,,10.3000,0.0018,0.0449,
1630196,Filip Petrusev,,27.0000,0.0007,-0.0045,-0.0038,-0.7672,,,9.3100,0.0018,0.0288,
1629056,Terence Davis,,30.0000,-0.0041,-0.0064,-0.0106,-0.7755,,,7.8833,0.0014,0.0356,
1629623,Lindell Wigginton,,29.0000,-0.0034,-0.0063,-0.0096,-0.7744,,,7.6300,0.0014,0.0231,
1629232,Kaiser Gates,,30.0000,-0.0041,-0.0041,-0.0083,-0.7727,,,7.4333,0.0014,0.0226,
1630284,Kevon Harris,,30.0000,-0.0012,-0.0041,-0.0053,-0.7691,,,6.0500,0.0011,0.0186,
1627885,Shaquille Harrison,,33.0000,-0.0050,-0.0043,-0.0093,-0.7740,,,5.9667,0.0011,0.0181,
1631120,JD Davison,ORL,24.0000,-0.1835,-0.0670,-0.2504,-1.0670,24.7004,9.3302,175.4270,0.0009,0.0013,2625627.0000
1628977,Hamidou Diallo,,28.0000,0.0000,-0.0017,-0.0017,-0.7647,,,4.7500,0.0009,0.0148,
1642399,Jesse Edwards,,27.0000,-0.0007,-0.0047,-0.0055,-0.7693,,,4.6667,0.0009,0.0215,
1641806,Markquis Nowell,,27.0000,0.0014,-0.0015,-0.0001,-0.7628,,,3.5167,0.0007,0.0110,
1631167,Izaiah Brockington,,27.0000,0.0002,-0.0021,-0.0020,-0.7650,,,3.3833,0.0006,0.0105,
1626143,Jahlil Okafor,,31.0000,-0.0016,-0.0029,-0.0045,-0.7682,,,3.3667,0.0006,0.0156,
201949,James Johnson,,40.0000,-0.1639,-0.0746,-0.2385,-1.0525,,,40.8480,0.0006,0.0044,
1630622,Jalen Crutcher,,27.0000,-0.0000,-0.0015,-0.0015,-0.7645,,,2.6500,0.0005,0.0083,
1630608,Malcolm Cazalon,,25.0000,0.0008,-0.0012,-0.0005,-0.7632,,,2.5833,0.0005,0.0081,
1631376,Dmytro Skapintsev,,29.0000,-0.0006,-0.0014,-0.0021,-0.7652,,,2.1333,0.0004,0.0066,
1628382,Justin Jackson,,32.0000,-0.0004,-0.0005,-0.0010,-0.7638,,,0.7000,0.0001,0.0022,
1630606,Javonte Smart,,28.0000,-0.0001,-0.0004,-0.0005,-0.7633,,,0.6667,0.0001,0.0021,
1631102,TyTy Washington Jr.,,25.0000,-0.0993,-0.1601,-0.2594,-1.0779,19.6738,9.3577,119.0305,-0.0002,-0.0002,
1642402,Enrique Freeman,,26.0000,-0.1141,-0.1451,-0.2592,-1.0777,17.9446,10.6201,152.2489,-0.0002,-0.0003,
1629875,Xavier Moon,,32.0000,-0.1849,-0.0761,-0.2611,-1.0799,,,119.2500,-0.0003,-0.0018,
1631232,Keion Brooks Jr.,,26.0000,-0.0596,-0.2004,-0.2600,-1.0787,,,331.7817,-0.0006,-0.0034,
1642384,Isaiah Crawford,HOU,25.0000,-0.1817,-0.0841,-0.2658,-1.0857,20.7216,10.1117,107.6622,-0.0007,-0.0010,2449421.0000
1628964,Mo Bamba,UTA,29.0000,-0.6960,0.4334,-0.2627,-1.0819,25.0810,11.5195,320.6173,-0.0012,-0.0017,3286399.0000
1641750,Ryan Kalkbrenner,CHA,25.0000,-0.9299,0.6710,-0.2590,-1.0774,63.1780,11.0277,1354.3279,-0.0013,-0.0016,2411090.0000
1630346,Matt Ryan,,30.0000,-0.1627,-0.1081,-0.2709,-1.0918,,,196.8470,-0.0019,-0.0070,
203648,Thanasis Antetokounmpo,,34.0000,-0.3842,0.0895,-0.2948,-1.1209,27.9779,11.4684,123.5087,-0.0034,-0.0048,
1629646,Charles Bassey,GSW,26.0000,-0.2420,-0.0286,-0.2706,-1.0915,32.4503,14.9123,353.8176,-0.0034,-0.0050,2449421.0000
1643016,Bez Mbeng,,24.0000,-0.1369,-0.1280,-0.2649,-1.0846,20.4156,9.1569,669.8846,-0.0036,-0.0052,
1628427,Vlatko Cancar,,30.0000,-0.3061,0.0081,-0.2980,-1.1248,,,135.8283,-0.0041,-0.0257,
203469,Cody Zeller,,34.0000,-0.0732,-0.2024,-0.2756,-1.0976,,,319.7067,-0.0043,-0.0081,
1641734,Emoni Bates,,23.0000,-0.1204,-0.2015,-0.3219,-1.1539,,,97.9960,-0.0047,-0.0320,
1642859,Jase Richardson,ORL,21.0000,0.1965,-0.4702,-0.2737,-1.0953,53.3791,9.4684,580.0016,-0.0069,-0.0082,3132360.0000
1641755,Kevin McCullar Jr.,,26.0000,-0.1932,-0.1488,-0.3420,-1.1783,18.4717,9.4429,136.1640,-0.0085,-0.0129,
1627814,Damion Lee,,34.0000,-0.2224,-0.1201,-0.3425,-1.1789,,,144.0183,-0.0091,-0.0298,
1642939,Miles Kelly,,24.0000,-0.2241,-0.0992,-0.3233,-1.1555,19.6726,9.1569,187.9065,-0.0092,-0.0134,
1641727,Dariq Whitehead,,22.0000,0.0208,-0.3102,-0.2894,-1.1143,23.0605,12.0522,417.1212,-0.0098,-0.0150,
203925,Joe Harris,,35.0000,-0.1681,-0.1706,-0.3386,-1.1742,,,169.9783,-0.0102,-0.0524,
1631207,Dalen Terry,GSW,24.0000,-0.5059,0.2251,-0.2807,-1.1039,55.4088,10.9421,679.7029,-0.0117,-0.0140,1357763.0000
1631100,AJ Griffin,,23.0000,-0.1662,-0.1848,-0.3510,-1.1892,,,170.7300,-0.0118,-0.0486,
1630256,Jae'Sean Tate,HOU,31.0000,-0.4272,0.1395,-0.2878,-1.1124,47.7890,13.2884,541.8735,-0.0121,-0.0155,2449421.0000
1629669,Jaylen Nowell,,27.0000,-0.1398,-0.2071,-0.3470,-1.1843,,,186.3503,-0.0124,-0.1014,
1627824,Guerschon Yabusele,,31.0000,0.3886,-0.6607,-0.2721,-1.0934,58.9725,12.6740,1159.9188,-0.0125,-0.0152,
1641871,Duop Reath,,31.0000,0.2108,-0.5102,-0.2993,-1.1264,38.1742,11.4610,450.9977,-0.0140,-0.0182,
1641790,PJ Hall,,25.0000,-0.1362,-0.2264,-0.3626,-1.2033,24.1055,10.0713,200.6849,-0.0157,-0.0222,
1641732,Colby Jones,,25.0000,-0.1662,-0.1893,-0.3555,-1.1947,22.8674,9.8048,246.4528,-0.0179,-0.0256,
1631351,Lucas Williamson,,28.0000,-0.0674,-0.2590,-0.3264,-1.1593,11.1409,9.7289,356.0965,-0.0182,-0.0341,
1642918,Alijah Martin,TOR,25.0000,-0.2380,-0.1714,-0.4093,-1.2601,25.5269,9.2999,161.6132,-0.0182,-0.0249,2185116.0000
203482,Kelly Olynyk,,36.0000,-0.0374,-0.2578,-0.2952,-1.1214,43.0451,14.4353,690.7546,-0.0193,-0.0258,
1642359,Pacôme Dadiet,NYK,21.0000,-0.2559,-0.1658,-0.4217,-1.2751,32.5025,9.9125,165.3440,-0.0202,-0.0263,2983680.0000
1630623,Tyson Etienne,,27.0000,0.3281,-0.6676,-0.3396,-1.1753,19.8680,9.5859,331.6018,-0.0202,-0.0299,
1630177,Theo Maledon,,26.0000,-0.1778,-0.2078,-0.3856,-1.2312,,,213.1967,-0.0203,-0.0978,
1642863,Khaman Maluach,PHX,20.0000,-0.6112,0.2854,-0.3257,-1.1585,47.2754,8.8318,422.4213,-0.0214,-0.0254,6316680.0000
1630647,Eugene Omoruyi,,30.0000,-0.1623,-0.1707,-0.3331,-1.1674,,,393.3067,-0.0220,-0.0420,
201152,Thaddeus Young,,39.0000,-0.0496,-0.2818,-0.3314,-1.1654,,,439.5017,-0.0241,-0.0599,
1630699,MarJon Beauchamp,,26.0000,-0.1225,-0.2414,-0.3639,-1.2049,31.0620,11.3967,305.4374,-0.0241,-0.0330,
1631247,Luke Travers,,25.0000,-0.3553,-0.1465,-0.5018,-1.3725,17.3540,9.2999,140.8271,-0.0256,-0.0393,
1631132,Christian Koloko,NOP,27.0000,-0.7467,0.3831,-0.3636,-1.2046,28.7754,11.9535,328.4523,-0.0259,-0.0366,2625627.0000
202722,Davis Bertans,,34.0000,-0.0843,-0.2258,-0.3101,-1.1395,,,674.0717,-0.0263,-0.0501,
204060,Joe Ingles,,39.0000,0.0521,-0.4513,-0.3992,-1.2478,24.4531,13.2006,256.7403,-0.0270,-0.0416,
1630658,Colin Castleton,,27.0000,-0.2948,-0.1352,-0.4300,-1.2853,18.5142,10.7725,216.6229,-0.0278,-0.0439,
1631451,Javonte Cooke,,27.0000,-0.5477,-0.1037,-0.6514,-1.5543,20.8896,9.5859,102.9802,-0.0301,-0.0440,
1642873,Amari Williams,,25.0000,-0.5086,0.0026,-0.5060,-1.3776,25.2801,9.5468,167.4501,-0.0309,-0.0426,
1642403,Isaac Jones,,26.0000,-0.1490,-0.3772,-0.5262,-1.4022,22.4923,9.6945,158.1725,-0.0316,-0.0452,
1631321,Sidy Cissoko,POR,23.0000,-0.5581,0.2442,-0.3139,-1.1442,46.0872,9.8828,773.1250,-0.0323,-0.0393,2497812.0000
202692,Alec Burks,,35.0000,0.3042,-0.6063,-0.3020,-1.1297,,,1002.7160,-0.0331,-0.0486,
1630184,Kira Lewis Jr.,,26.0000,-0.2790,-0.1543,-0.4333,-1.2892,,,264.2367,-0.0345,-0.1010,
1628365,Markelle Fultz,,29.0000,-0.3841,-0.0224,-0.4065,-1.2567,21.3970,12.0085,313.6858,-0.0347,-0.0542,
1642877,Micah Peavy,MEM,25.0000,0.0784,-0.3921,-0.3137,-1.1439,55.7455,10.2872,834.2957,-0.0348,-0.0412,2150917.0000
1631166,Drew Timme,,26.0000,-0.0215,-0.4100,-0.4315,-1.2871,22.6510,9.4429,270.8394,-0.0350,-0.0496,
1641931,Onuralp Bitim,,28.0000,-0.2449,-0.1978,-0.4427,-1.3007,,,267.9917,-0.0369,-0.1314,
1642502,Malevy Leons,,27.0000,0.0274,-0.5366,-0.5092,-1.3815,20.0537,9.5859,202.6769,-0.0379,-0.0560,
1641745,Adam Flagler,,27.0000,-0.5460,-0.1532,-0.6992,-1.6124,,,127.3857,-0.0418,-0.1491,
1631241,Javon Freeman-Liberty,,27.0000,-0.1759,-0.2266,-0.4025,-1.2518,,,403.0383,-0.0434,-0.1618,
1641774,Tristan Vukcevic,,24.0000,-0.0750,-0.2751,-0.3501,-1.1882,45.6110,13.6815,640.9268,-0.0441,-0.0573,
1626168,Trey Lyles,MIN,31.0000,0.1899,-0.4960,-0.3061,-1.1347,,,1273.0003,-0.0459,-0.0582,2449421.0000
1641720,Jalen Hood-Schifino,,24.0000,-0.1212,-0.4089,-0.5302,-1.4070,,,232.3993,-0.0471,-0.2218,
1631111,Wendell Moore Jr.,,25.0000,-0.4092,-0.1275,-0.5367,-1.4149,22.5881,9.4154,233.6648,-0.0485,-0.0687,
1627745,Damian Jones,,32.0000,-0.3775,-0.1260,-0.5035,-1.3746,,,269.7317,-0.0493,-0.1036,
1630243,Trevelin Queen,,30.0000,-0.3583,-0.1116,-0.4699,-1.3337,,,324.0587,-0.0511,-0.1732,
1630219,Skylar Mays,,29.0000,-0.1379,-0.2832,-0.4211,-1.2744,,,433.2717,-0.0526,-0.1136,
1641798,Jaylen Martin,,23.0000,-0.2786,-0.2786,-0.5572,-1.4398,,,238.6267,-0.0531,-0.2723,
1631303,Justin Minaya,,28.0000,-0.4513,-0.1457,-0.5970,-1.4882,,,212.7973,-0.0537,-0.1761,
1629643,Chuma Okeke,,28.0000,-0.3546,-0.1547,-0.5092,-1.3816,,,290.7000,-0.0544,-0.1842,
1641998,Trey Jemison III,,27.0000,-0.3412,-0.1752,-0.5164,-1.3903,24.3674,9.8974,290.7041,-0.0559,-0.0786,
1641877,Nate Mensah,,29.0000,-0.4431,-0.0619,-0.5050,-1.3763,,,306.6417,-0.0564,-0.1849,
1641721,Maxwell Lewis,,24.0000,-0.3282,-0.2499,-0.5780,-1.4651,,,237.7430,-0.0566,-0.1527,
1641810,Antonio Reeves,,26.0000,0.2591,-0.7656,-0.5065,-1.3783,24.5085,9.4429,312.0199,-0.0577,-0.0800,
1642484,RayJ Dennis,,26.0000,-0.4800,-0.1806,-0.6606,-1.5655,18.5645,9.4429,195.4493,-0.0585,-0.0883,
1642848,Tre Johnson,WAS,21.0000,0.3487,-0.6559,-0.3072,-1.1360,67.2645,14.1579,1617.5045,-0.0596,-0.0722,8649600.0000
202709,Cory Joseph,,35.0000,-0.1059,-0.3200,-0.4259,-1.2803,,,485.3973,-0.0607,-0.1232,
202066,Garrett Temple,,41.0000,-0.7902,-0.3134,-1.1036,-2.1038,14.9392,12.3449,97.7371,-0.0615,-0.1122,
1631174,Tyler Burton,,27.0000,-0.2405,-0.2283,-0.4688,-1.3324,15.6886,9.5859,401.0314,-0.0629,-0.1014,
1631466,Nate Williams,,28.0000,0.1123,-0.7866,-0.6742,-1.5820,18.8681,9.7289,205.4326,-0.0636,-0.0964,
1631104,Blake Wesley,,24.0000,-0.1667,-0.2239,-0.3906,-1.2374,53.1996,14.3401,661.1920,-0.0653,-0.0830,
1626220,Royce O'Neale,CHA,34.0000,-0.0940,-0.2187,-0.3126,-1.1426,60.4760,11.6834,1602.6025,-0.0655,-0.0782,10875000.0000
1641794,Dillon Jones,PHI,25.0000,-0.6143,0.0007,-0.6136,-1.5084,26.7343,9.2999,251.2511,-0.0665,-0.0896,2449421.0000
201580,JaVale McGee,DAL,39.0000,-0.4480,-0.0959,-0.5439,-1.4237,,,339.3617,-0.0722,-0.1287,2208856.0000
1631098,Johnny Davis,,25.0000,-0.3904,-0.1209,-0.5113,-1.3841,,,390.3870,-0.0736,-0.1494,
1627863,Danuel House Jr.,,34.0000,-0.4102,-0.0427,-0.4529,-1.3131,,,509.0550,-0.0739,-0.1782,
1629726,Garrison Mathews,,30.0000,-0.0344,-0.4344,-0.4688,-1.3324,30.3126,10.1304,475.0080,-0.0746,-0.0995,
1643253,Toby Okani,,25.0000,-0.1845,-0.2906,-0.4751,-1.3400,12.8960,9.2999,466.5982,-0.0754,-0.1298,
1630610,DeJon Jarreau,,29.0000,-0.5662,-0.0917,-0.6579,-1.5622,12.8557,9.8719,255.8387,-0.0761,-0.1345,
1631115,Orlando Robinson,,26.0000,-0.3649,-0.1952,-0.5601,-1.4434,26.4430,10.6661,358.9723,-0.0807,-0.1133,
1629002,Chimezie Metu,,30.0000,-0.5095,0.1236,-0.3859,-1.2316,,,858.9067,-0.0819,-0.1316,
201569,Eric Gordon,,38.0000,0.0161,-0.4681,-0.4520,-1.3119,24.8970,14.6352,568.2755,-0.0821,-0.1303,
201565,Derrick Rose,,38.0000,-0.3779,-0.1613,-0.5392,-1.4179,,,399.3367,-0.0836,-0.2855,
1629677,Luka Samanic,,27.0000,-0.4148,-0.1278,-0.5426,-1.4220,,,404.3767,-0.0856,-0.1633,
1641707,Taylor Hendricks,MEM,23.0000,-0.2657,-0.1033,-0.3690,-1.2111,53.3412,16.8200,1045.8117,-0.0866,-0.1139,7805900.0000
1641718,Keyonte George,UTA,23.0000,1.7373,-2.0528,-0.3155,-1.1461,65.2571,13.6715,2028.2358,-0.0873,-0.1055,6563925.0000
1641723,Kobe Bufkin,NOP,23.0000,-0.3763,-0.2541,-0.6304,-1.5288,34.1709,16.5237,322.8045,-0.0894,-0.1327,2449421.0000
1630537,Chris Duarte,,30.0000,-0.3186,-0.3317,-0.6504,-1.5531,,,332.4883,-0.0971,-0.2355,
202693,Markieff Morris,,37.0000,-0.6284,-0.3398,-0.9682,-1.9393,,,185.2153,-0.0978,-0.4134,
1641736,Reece Beekman,,25.0000,-0.5476,0.0005,-0.5471,-1.4276,,,469.3033,-0.1010,-0.2300,
1630214,Xavier Tillman,,28.0000,-0.9255,0.2830,-0.6425,-1.5434,35.5506,11.5471,354.6307,-0.1014,-0.1344,
1629642,Nassir Little,PHX,27.0000,-0.3627,-0.1952,-0.5580,-1.4408,,,458.2833,-0.1023,-0.1864,3107143.0000
1641730,Noah Clowney,BKN,22.0000,0.0429,-0.3960,-0.3531,-1.1918,58.3409,13.6987,1449.0903,-0.1028,-0.1270,5414034.0000
1630235,Trent Forrest,,29.0000,-0.3272,-0.2669,-0.5941,-1.4847,,,413.7617,-0.1035,-0.2233,
203914,Gary Harris,DET,32.0000,-0.3048,-0.1324,-0.4372,-1.2940,47.7121,15.0532,778.7802,-0.1040,-0.1367,3815861.0000
1642353,Cam Christie,LAC,21.0000,-0.5387,-0.1264,-0.6650,-1.5709,42.9494,9.7748,352.1705,-0.1066,-0.1309,2296271.0000
1630556,Kessler Edwards,,26.0000,-0.0636,-0.4986,-0.5622,-1.4460,,,474.9727,-0.1075,-0.1934,
1642382,Branden Carlson,POR,28.0000,-0.0248,-0.5950,-0.6198,-1.5159,38.7012,11.8886,402.2172,-0.1083,-0.1415,2449421.0000
201959,Taj Gibson,NOP,42.0000,-1.1504,-0.3103,-1.4608,-2.5379,11.5229,12.9911,121.5310,-0.1087,-0.2312,148828.0000
203967,Dario Saric,,33.0000,-0.3327,-0.4465,-0.7792,-1.7096,18.6345,11.5665,281.1771,-0.1090,-0.1767,
1630209,Omer Yurtseven,,29.0000,-0.5192,-0.3614,-0.8807,-1.8329,20.7223,10.2844,236.6134,-0.1096,-0.1639,
1642260,Nikola Topić,OKC,21.0000,-0.0857,-0.3641,-0.4498,-1.3094,48.0237,25.0400,768.7794,-0.1098,-0.1671,5429760.0000
203501,Tim Hardaway Jr.,MIA,35.0000,1.0023,-1.3517,-0.3494,-1.1873,59.9917,11.4037,1622.2492,-0.1106,-0.1316,6500000.0000
1642869,Noah Penda,ORL,22.0000,-0.1291,-0.3443,-0.4734,-1.3380,54.7728,8.8709,703.0188,-0.1127,-0.1310,2150917.0000
1628502,Nigel Hayes-Davis,,32.0000,-0.8329,-0.3325,-1.1654,-2.1790,23.1664,10.5478,167.4956,-0.1130,-0.1645,
202685,Jonas Valanciunas,,35.0000,0.1857,-0.5984,-0.4127,-1.2642,57.2276,12.0874,998.8462,-0.1151,-0.1395,
1630322,Lindy Waters III,,29.0000,-0.2065,-0.4300,-0.6366,-1.5363,41.0169,11.7808,410.0774,-0.1155,-0.1487,
1642355,Bronny James,LAL,22.0000,-0.2875,-0.4310,-0.7185,-1.6359,40.9919,10.4853,341.0623,-0.1168,-0.1467,2296271.0000
1641711,Gradey Dick,LAC,23.0000,0.1031,-0.4919,-0.3888,-1.2352,63.6230,11.3676,1213.9219,-0.1183,-0.1395,7131511.0000
1642404,Chaz Lanier,DET,25.0000,-0.4108,-0.4713,-0.8821,-1.8347,33.6999,9.2999,259.6924,-0.1205,-0.1538,2150917.0000
1642274,Yves Missi,NOP,23.0000,0.0400,-0.4136,-0.3736,-1.2167,67.0646,12.0497,1508.9606,-0.1301,-0.1535,3512760.0000
1641816,Hunter Tyson,,27.0000,-0.8331,-0.2640,-1.0971,-2.0960,29.1619,9.9324,208.8207,-0.1303,-0.1747,
1628396,Tony Bradley,,29.0000,-0.1805,-0.6657,-0.8462,-1.7910,28.8488,10.2778,302.6964,-0.1324,-0.1796,
1630811,Keaton Wallace,,28.0000,-0.6234,-0.0089,-0.6324,-1.5312,40.7682,10.5646,476.4011,-0.1327,-0.1671,
200782,P.J. Tucker,,42.0000,-0.7252,-0.3283,-1.0535,-2.0429,,,229.2463,-0.1356,-0.7830,
201599,DeAndre Jordan,NOP,38.0000,-0.9768,0.0061,-0.9708,-1.9424,19.9939,11.2167,257.0914,-0.1363,-0.2127,3876529.0000
203552,Seth Curry,,36.0000,-0.0843,-0.4924,-0.5767,-1.4635,39.6060,18.6174,588.4962,-0.1396,-0.2052,
1630574,Ariel Hukporti,PHI,25.0000,-0.9636,0.2394,-0.7242,-1.6428,45.3744,11.9281,413.2230,-0.1433,-0.1810,3400000.0000
1630201,Malachi Flynn,,29.0000,-0.2975,-0.4857,-0.7832,-1.7145,,,376.9767,-0.1473,-0.4025,
1626204,Larry Nance Jr.,IND,34.0000,-0.7151,0.1614,-0.5537,-1.4356,41.2549,17.4563,678.1683,-0.1492,-0.2124,2449421.0000
203471,Dennis Schröder,CHA,33.0000,0.4076,-0.7928,-0.3851,-1.2307,58.5952,11.5790,1575.9101,-0.1493,-0.1788,14809200.0000
1629667,Jalen McDaniels,,29.0000,-0.8216,-0.3558,-1.1775,-2.1936,,,219.6037,-0.1501,-0.5496,
1628467,Maxi Kleber,,35.0000,-0.5947,0.0288,-0.5659,-1.4504,45.5203,19.1881,673.0345,-0.1542,-0.2192,
202083,Wesley Matthews,,40.0000,-0.5912,-0.1713,-0.7626,-1.6894,,,412.8700,-0.1549,-0.3529,
203493,Reggie Bullock Jr.,,36.0000,-0.5085,-0.2567,-0.7652,-1.6926,,,417.4733,-0.1575,-0.2935,
1630560,Cam Thomas,,25.0000,1.5302,-1.9379,-0.4078,-1.2582,55.1075,17.6122,1439.9051,-0.1607,-0.2120,
1629610,DaQuan Jeffries,,29.0000,0.0961,-0.9059,-0.8099,-1.7469,21.5813,11.1555,409.5895,-0.1681,-0.2550,
1630702,Jaden Hardy,LAL,24.0000,0.4078,-0.9252,-0.5174,-1.3915,57.5897,11.0645,879.2691,-0.1698,-0.2024,6000000.0000
203901,Elfrid Payton,,33.0000,-0.8428,0.1364,-0.7064,-1.6212,,,510.8050,-0.1704,-0.5821,
1641878,Damion Baugh,,26.0000,-0.4111,-0.4822,-0.8933,-1.8483,,,370.4883,-0.1750,-0.9569,
203458,Alex Len,,34.0000,-0.6545,-0.1951,-0.8496,-1.7951,,,405.5720,-0.1784,-0.3126,
1629139,Yuta Watanabe,,32.0000,-0.4255,-0.3607,-0.7861,-1.7181,,,464.3733,-0.1824,-0.4399,
1641731,Bilal Coulibaly,WAS,22.0000,-0.2026,-0.1894,-0.3920,-1.2390,65.7649,14.9678,1873.7971,-0.1871,-0.2297,9240012.0000
1626145,Tyus Jones,DEN,31.0000,0.2106,-0.6723,-0.4617,-1.3237,57.7934,11.1598,1243.6792,-0.1886,-0.2250,2449421.0000
202687,Bismack Biyombo,,34.0000,-0.9930,-0.1309,-1.1238,-2.1284,22.5074,10.6447,301.5636,-0.1941,-0.2860,
1630311,Pat Spencer,,30.0000,0.3130,-1.0245,-0.7115,-1.6273,38.3782,10.0149,580.6699,-0.1959,-0.2470,
1628966,Keita Bates-Diop,,31.0000,-0.3857,-0.2698,-0.6554,-1.5592,,,664.5900,-0.1965,-0.3040,
1630164,James Wiseman,NYK,26.0000,-0.2223,-0.6513,-0.8735,-1.8243,25.8731,13.3164,432.0805,-0.1978,-0.2996,2449421.0000
1628464,Daniel Theis,,35.0000,-0.4654,-0.1347,-0.6001,-1.4920,,,778.6810,-0.1982,-0.3473,
201988,Patty Mills,,38.0000,-0.8198,-0.1874,-1.0073,-1.9868,,,358.5190,-0.1998,-0.5424,
1628975,Jevon Carter,ORL,31.0000,-0.2459,-0.4627,-0.7086,-1.6238,42.2899,10.3916,597.6324,-0.2003,-0.2495,2449421.0000
201568,Danilo Gallinari,,38.0000,-0.2468,-0.4849,-0.7317,-1.6519,,,629.2900,-0.2217,-0.3711,
1641767,Ben Sheppard,IND,25.0000,0.0270,-0.5314,-0.5044,-1.3757,61.9140,12.8118,1209.6473,-0.2219,-0.2678,5031669.0000
1630548,Johnny Juzang,,26.0000,0.0815,-0.9204,-0.8389,-1.7822,34.6747,10.5332,513.5958,-0.2219,-0.2893,
203095,Evan Fournier,,34.0000,-0.9456,0.1703,-0.7753,-1.7049,,,579.6733,-0.2230,-0.5715,
1630545,Terrence Shannon Jr,MIN,26.0000,0.4132,-1.1902,-0.7770,-1.7069,49.4947,16.0341,589.6173,-0.2276,-0.3013,2801640.0000
1642348,Justin Edwards,PHI,23.0000,0.8380,-1.4103,-0.5724,-1.4583,53.7142,9.8900,992.1982,-0.2321,-0.2748,2411090.0000
1630533,Ziaire Williams,LAL,25.0000,-0.6449,0.1551,-0.4898,-1.3579,60.1686,14.4086,1381.0236,-0.2383,-0.2953,2449421.0000
1631223,David Roddy,,26.0000,-0.5883,-0.4635,-1.0519,-2.0410,26.4774,9.4429,411.5790,-0.2430,-0.3296,
1630625,Dalano Banton,,27.0000,-0.1914,-0.6673,-0.8587,-1.8062,32.8671,10.0908,558.6219,-0.2496,-0.3262,
203083,Andre Drummond,NYK,33.0000,-0.5657,-0.0342,-0.5999,-1.4917,52.5092,14.0244,983.6076,-0.2502,-0.3170,2449421.0000
1629629,Cam Reddish,,27.0000,-0.6926,-0.0170,-0.7096,-1.6251,,,747.2947,-0.2510,-0.5278,
1642419,Jamison Battle,TOR,26.0000,-0.0362,-0.7328,-0.7690,-1.6972,55.8870,11.2207,661.9396,-0.2516,-0.3021,2296271.0000
1641724,Jett Howard,,23.0000,0.2521,-1.1029,-0.8508,-1.7966,49.6333,10.5717,577.5004,-0.2546,-0.3088,
1643007,Taelon Peter,SAS,25.0000,-0.7839,-0.1603,-0.9442,-1.9101,38.6566,10.2872,500.7352,-0.2555,-0.3235,2185116.0000
1641765,Olivier-Maxence Prosper,MEM,24.0000,0.1643,-0.9227,-0.7583,-1.6843,50.5938,11.2991,741.4967,-0.2760,-0.3376,3500172.0000
1629611,Terance Mann,BKN,30.0000,0.4685,-1.0008,-0.5323,-1.4096,58.6276,12.5755,1376.2183,-0.2810,-0.3412,15500000.0000
1641741,Ricky Council IV,,25.0000,0.2485,-0.9461,-0.6976,-1.6104,,,865.4650,-0.2830,-0.4100,
1630570,Trendon Watford,NOP,26.0000,-0.3577,-0.3002,-0.6579,-1.5623,56.9369,14.8703,954.7160,-0.2841,-0.3582,2449421.0000
200768,Kyle Lowry,,41.0000,-1.2688,0.2241,-1.0447,-2.0323,24.2499,15.5165,488.9503,-0.2860,-0.4690,
1642964,Brooks Barnhizer,,25.0000,-1.0174,-0.4100,-1.4274,-2.4973,38.1579,9.2999,331.8606,-0.2885,-0.3588,
1630536,Sharife Cooper,,26.0000,0.2186,-1.0530,-0.8344,-1.7767,40.0529,10.4302,683.8285,-0.2932,-0.3695,
1629670,Jordan Nwora,,28.0000,-0.4527,-0.3674,-0.8201,-1.7593,,,711.3933,-0.2974,-0.4690,
1630587,Isaiah Livers,,28.0000,-0.6670,-0.4232,-1.0902,-2.0876,41.2497,16.2393,488.3513,-0.3022,-0.4212,
1629216,Gabe Vincent,,31.0000,0.1210,-0.7880,-0.6670,-1.5732,53.6773,17.5048,1004.4444,-0.3056,-0.4053,
1627777,Georges Niang,GSW,34.0000,0.6597,-1.3069,-0.6472,-1.5492,48.3720,15.4640,1055.9762,-0.3058,-0.4035,2449421.0000
1642367,Jonathan Mogbo,,25.0000,-1.0066,0.0556,-0.9510,-1.9184,45.6539,9.8840,598.7175,-0.3085,-0.3753,
1629003,Shake Milton,,30.0000,-0.2560,-0.5758,-0.8318,-1.7736,,,734.2300,-0.3133,-0.4812,
1628972,Troy Brown Jr.,,27.0000,-0.3139,-0.4706,-0.7845,-1.7161,,,826.5117,-0.3237,-0.4499,
1642905,Yang Hansen,POR,22.0000,-1.3883,-0.3407,-1.7289,-2.8638,42.8849,8.8709,299.0906,-0.3271,-0.3947,4643520.0000
202684,Tristan Thompson,,36.0000,-0.8766,-0.4544,-1.3309,-2.3802,,,416.4687,-0.3322,-0.6248,
1631342,Daeqwon Plowden,SAC,28.0000,0.3441,-1.4087,-1.0646,-2.0565,22.7818,9.8832,567.8151,-0.3406,-0.4883,2449421.0000
1631124,Julian Strawther,DEN,25.0000,-0.0937,-0.6425,-0.7361,-1.6573,58.9364,13.2632,969.8700,-0.3449,-0.4226,4826931.0000
1630192,Zeke Nnaji,DEN,26.0000,-1.0222,-0.0960,-1.1182,-2.1216,49.8092,10.3329,556.0129,-0.3556,-0.4294,7466667.0000
1631103,Malaki Branham,ORL,24.0000,-0.2655,-0.8193,-1.0847,-2.0809,42.6671,9.8641,578.6996,-0.3558,-0.4380,2537526.0000
1630592,Jalen Wilson,,26.0000,0.1001,-0.8381,-0.7380,-1.6596,52.0582,9.6442,1028.8149,-0.3673,-0.4354,
1629673,Jordan Poole,NOP,28.0000,0.2661,-0.8587,-0.5926,-1.4828,54.1021,13.2794,1497.3067,-0.3728,-0.4643,34044642.0000
203488,Mike Muscala,,36.0000,-0.7447,-0.3597,-1.1044,-2.1049,,,600.1800,-0.3777,-0.5844,
1642261,Dalton Knecht,LAL,26.0000,0.2037,-1.1315,-0.9278,-1.8902,54.7242,9.5972,786.7723,-0.3919,-0.4606,4201080.0000
1642275,Tidjane Salaün,CHA,21.0000,-0.8036,-0.0574,-0.8610,-1.8091,49.0553,10.4487,888.3651,-0.3984,-0.4833,8237880.0000
1630534,Ochai Agbaji,NYK,27.0000,-0.8592,0.1553,-0.7040,-1.6182,59.6472,11.6931,1211.5502,-0.4019,-0.4807,2449421.0000
1628997,Caleb Martin,DAL,31.0000,-0.8858,0.1534,-0.7323,-1.6527,55.4585,16.0209,1148.1022,-0.4051,-0.5221,10001493.0000
1626196,Josh Richardson,,33.0000,-0.5849,-0.7028,-1.2877,-2.3276,,,530.8260,-0.4064,-1.5148,
1641729,Brice Sensabaugh,UTA,23.0000,0.9683,-1.6460,-0.6776,-1.5862,60.0650,9.7989,1314.9660,-0.4105,-0.4774,4862237.0000
1642354,KJ Simpson,,24.0000,-0.7282,-0.5536,-1.2817,-2.3204,29.5189,9.6197,541.3176,-0.4120,-0.5463,
1641748,Andre Jackson Jr.,TOR,25.0000,-0.8019,-0.4690,-1.2708,-2.3071,50.5095,9.8022,557.4677,-0.4198,-0.5013,2537526.0000
1642258,Zaccharie Risacher,DAL,22.0000,-0.1468,-0.4945,-0.6413,-1.5420,68.2462,11.5577,1589.9458,-0.4534,-0.5301,13826040.0000
203926,Doug McDermott,,35.0000,-0.3723,-1.4039,-1.7762,-2.9212,31.9058,11.9987,402.2137,-0.4540,-0.6247,
1642868,Carter Bryant,SAS,21.0000,-0.9026,-0.1758,-1.0785,-2.0733,65.0177,8.9748,748.9531,-0.4569,-0.5200,5145360.0000
1629234,Drew Eubanks,NYK,30.0000,-0.9262,-0.2458,-1.1720,-2.1870,50.7483,13.0992,685.6894,-0.4660,-0.5863,2449421.0000
1628470,Torrey Craig,,36.0000,-0.5415,-0.7513,-1.2927,-2.3337,,,607.8087,-0.4676,-1.0420,
201145,Jeff Green,,40.0000,-1.0012,-1.3454,-2.3466,-3.6145,26.0889,11.6182,303.5978,-0.4714,-0.6813,
203109,Jae Crowder,,36.0000,-0.9694,-0.5353,-1.5047,-2.5913,,,523.9363,-0.4856,-1.5678,
1642358,AJ Johnson,DAL,22.0000,-0.7390,-0.7080,-1.4470,-2.5212,43.2716,9.8774,553.4434,-0.4892,-0.6009,6754800.0000
1627752,Taurean Prince,DET,33.0000,0.0241,-0.7450,-0.7209,-1.6388,55.2230,17.6261,1445.5968,-0.4978,-0.6566,3815861.0000
1630553,Keon Johnson,,25.0000,-0.7087,-0.1357,-0.8444,-1.7889,,,1179.6817,-0.5145,-0.8540,
1630526,Jeremiah Robinson-Earl,,26.0000,-0.1489,-1.3085,-1.4574,-2.5339,36.7201,9.6766,588.7011,-0.5250,-0.6633,
202694,Marcus Morris Sr.,,37.0000,-0.5710,-0.5798,-1.1507,-2.1612,,,816.9767,-0.5423,-0.9075,
203995,Vasilije Micic,MIL,33.0000,-0.7586,-0.2803,-1.0389,-2.0252,,,941.2370,-0.5465,-0.9221,666667.0000
1630544,Tre Mann,WAS,26.0000,-0.6128,-0.6974,-1.3102,-2.3549,43.7632,13.4069,711.2799,-0.5564,-0.7269,8000000.0000
1626192,Pat Connaughton,CHA,34.0000,-0.6727,-0.9001,-1.5728,-2.6740,41.7875,13.1343,572.4145,-0.5595,-0.7354,3815861.0000
1630264,Anthony Gill,WAS,34.0000,-0.5835,-1.1379,-1.7214,-2.8547,42.6954,11.9293,556.3705,-0.6053,-0.7744,2449421.0000
203114,Khris Middleton,WAS,35.0000,0.2802,-1.2025,-0.9222,-1.8834,51.9113,17.2551,1229.9413,-0.6075,-0.8095,5591122.0000
1642265,Rob Dillingham,CHI,22.0000,-0.9824,-0.3568,-1.3392,-2.3902,57.2584,10.1933,776.1045,-0.6239,-0.7350,6889320.0000
1641738,Kobe Brown,,27.0000,-0.1118,-1.6770,-1.7889,-2.9367,46.8768,10.6438,586.3290,-0.6673,-0.8188,
202704,Reggie Jackson,,37.0000,-0.4523,-0.7445,-1.1967,-2.2170,,,957.1230,-0.6680,-1.0658,
1630208,Nick Richards,MIA,29.0000,-0.6209,-0.5402,-1.1611,-2.1737,50.6937,12.5803,1003.6134,-0.6739,-0.8412,2449421.0000
1642942,Jahmai Mashack,,24.0000,-0.9057,-0.5565,-1.4622,-2.5397,36.2730,11.1315,787.6528,-0.7052,-0.9216,
1642880,Kam Jones,,25.0000,-0.6186,-0.8204,-1.4389,-2.5114,48.3334,15.4704,805.1095,-0.7069,-0.9331,
1631126,Caleb Love,,25.0000,-0.2163,-1.0857,-1.3020,-2.3449,44.8448,9.2999,926.7401,-0.7193,-0.8685,
1630579,Jericho Sims,MIL,28.0000,-0.1218,-1.2623,-1.3840,-2.4447,52.5722,11.5402,868.9237,-0.7274,-0.8871,2801346.0000
203078,Bradley Beal,LAC,34.0000,-0.0404,-0.8810,-0.9215,-1.8825,48.1767,23.6855,1509.7480,-0.7449,-1.1111,25807810.0000
1629599,Amir Coffey,,30.0000,-0.2019,-1.1413,-1.3432,-2.3951,50.9592,11.6252,923.2061,-0.7449,-0.9149,
1641733,Nick Smith Jr.,,23.0000,-0.6955,-0.9558,-1.6514,-2.7696,42.8176,9.3631,737.2204,-0.7637,-0.9307,
202330,Gordon Hayward,,37.0000,-0.4688,-0.6775,-1.1462,-2.1557,,,1245.2500,-0.8224,-1.3223,
1631213,Tyrese Martin,,28.0000,-0.6105,-0.9602,-1.5707,-2.6715,44.3287,9.8832,846.4624,-0.8261,-1.0103,
1630557,Corey Kispert,ATL,28.0000,0.3580,-1.4347,-1.0767,-2.0712,60.1684,13.4543,1362.8156,-0.8297,-1.0152,13975000.0000
1642852,Derik Queen,NOP,22.0000,0.1056,-0.9905,-0.8849,-1.8381,71.6150,9.1178,1788.9416,-0.8340,-0.9402,5416080.0000
203903,Jordan Clarkson,NYK,35.0000,-0.0355,-1.2188,-1.2543,-2.2870,52.1677,15.7356,1135.7840,-0.8414,-1.0952,2449421.0000
1626179,Terry Rozier,,33.0000,-0.5681,-0.9152,-1.4833,-2.5654,32.8197,11.1784,946.4843,-0.8623,-1.1559,
201976,Patrick Beverley,,38.0000,-0.9064,-0.1549,-1.0613,-2.0525,,,1462.5117,-0.8736,-0.9813,
202397,Ish Smith,,38.0000,-1.2119,-0.6358,-1.8477,-3.0081,,,740.8467,-0.8755,-1.6696,
202691,Klay Thompson,DAL,37.0000,-0.3426,-0.7981,-1.1407,-2.1489,54.3884,12.5071,1365.1250,-0.8960,-1.1020,23060317.0000
1642383,Walter Clayton Jr.,MEM,24.0000,0.5727,-1.7934,-1.2206,-2.2461,65.0031,11.3783,1328.8275,-0.9511,-1.1176,4190520.0000
1631172,Ousmane Dieng,MIL,24.0000,-1.0674,-0.7981,-1.8656,-3.0299,51.0159,13.0318,821.7517,-0.9821,-1.2329,5750000.0000
1629018,Gary Trent Jr.,MIL,28.0000,0.7257,-1.9081,-1.1824,-2.1997,61.0042,11.8012,1465.7203,-1.0075,-1.2024,15200000.0000
1641712,Rayan Rupert,,23.0000,-1.4131,-0.7540,-2.1671,-3.3963,51.8105,9.3604,748.8956,-1.0628,-1.2549,
1642847,Jeremiah Fears,NOP,20.0000,0.0879,-1.1058,-1.0180,-1.9998,73.4151,8.5849,1890.7987,-1.0685,-1.1935,7896240.0000
1642849,Nolan Traore,BKN,21.0000,-0.4032,-1.0470,-1.4502,-2.5251,54.8651,9.4684,1218.1923,-1.0798,-1.2661,4002000.0000
1629651,Nic Claxton,CHI,28.0000,-0.9930,-0.1511,-1.1441,-2.1531,61.9742,12.0199,1731.9310,-1.1411,-1.3624,23147727.0000
1641716,Jarace Walker,IND,23.0000,-0.9071,-0.6678,-1.5749,-2.6767,61.8646,10.0055,1291.4688,-1.2644,-1.4689,8478542.0000
1641722,Jordan Hawkins,MEM,25.0000,-0.6832,-1.3791,-2.0623,-3.2690,54.0898,11.5714,946.0892,-1.2690,-1.5405,7021895.0000
1626224,Cedi Osman,,32.0000,-0.3467,-1.3115,-1.6582,-2.7779,,,1268.7517,-1.3207,-1.5042,
1642879,Ben Saraf,BKN,21.0000,-1.3393,-0.6357,-1.9750,-3.1629,49.9185,11.4429,1039.5744,-1.3270,-1.6312,3028560.0000
1642875,Maxime Raynaud,SAC,24.0000,-0.0699,-1.2391,-1.3090,-2.3535,64.2524,9.1569,1705.1904,-1.3325,-1.5224,2150917.0000
1628971,Bruce Brown,NYK,30.0000,-0.7078,-1.0132,-1.7210,-2.8541,58.4942,12.6346,1445.6288,-1.5723,-1.9119,2449421.0000
201566,Russell Westbrook,,38.0000,-0.5093,-1.2005,-1.7098,-2.8406,54.8732,14.6761,1498.5255,-1.6174,-2.0500,
1630172,Patrick Williams,CHI,25.0000,-1.5307,-0.2231,-1.7538,-2.8941,64.3980,14.2657,1465.0339,-1.6292,-1.9901,18000000.0000
1642268,Isaiah Collier,UTA,22.0000,0.0594,-1.6189,-1.5596,-2.6580,65.3299,12.5237,1684.9351,-1.6305,-1.9430,2763960.0000
202711,Bojan Bogdanovic,,38.0000,-0.2872,-1.7734,-2.0605,-3.2668,,,1478.0033,-1.9806,-2.8492,
1628398,Kyle Kuzma,MIL,31.0000,-0.8059,-1.0385,-1.8444,-3.0041,60.4985,13.6556,1726.0072,-2.0356,-2.4951,20345152.0000
1642846,Ace Bailey,UTA,20.0000,-0.5790,-1.1464,-1.7254,-2.8595,70.5628,10.8063,1947.9669,-2.1251,-2.4505,9523080.0000
1642860,Will Riley,WAS,21.0000,-0.2672,-1.9719,-2.2391,-3.4838,67.2467,8.9748,1483.4900,-2.1847,-2.4763,3688320.0000
1642262,Cody Williams,MIN,22.0000,-1.1042,-1.4986,-2.6028,-3.9259,59.5010,10.7369,1390.1811,-2.4232,-2.8604,6015600.0000
1642962,Drake Powell,BKN,21.0000,-2.2955,-0.6665,-2.9619,-4.3623,64.5317,11.6898,1351.5933,-2.7167,-3.2088,3540600.0000
1642267,Bub Carrington,WAS,21.0000,-0.7483,-2.0776,-2.8259,-4.1969,72.6945,8.7279,2075.1850,-3.9612,-4.4368,4900560.0000
