team,proj_wins,net_per100,playoffs,conf_finals,finals,title
OKC,57.914,8.094,0.994,0.635,0.436,0.324
SAS,53.600,5.740,0.974,0.429,0.214,0.137
BOS,51.681,4.661,0.944,0.401,0.243,0.105
HOU,51.517,4.940,0.951,0.323,0.145,0.088
NYK,48.381,3.249,0.871,0.280,0.148,0.054
DEN,48.147,3.368,0.880,0.224,0.089,0.052
CLE,46.618,2.284,0.803,0.225,0.111,0.036
TOR,46.297,2.166,0.801,0.205,0.097,0.033
ORL,46.145,2.181,0.796,0.208,0.101,0.031
PHI,45.879,2.318,0.784,0.205,0.102,0.035
CHA,44.598,1.504,0.728,0.158,0.073,0.024
POR,43.926,1.303,0.712,0.098,0.034,0.016
LAL,42.267,0.492,0.630,0.075,0.023,0.010
MIN,42.215,0.578,0.627,0.070,0.022,0.010
ATL,42.167,0.468,0.600,0.103,0.044,0.013
DET,41.992,0.487,0.590,0.108,0.047,0.013
PHX,39.519,-0.696,0.483,0.038,0.010,0.003
GSW,38.754,-0.939,0.435,0.034,0.009,0.003
DAL,37.972,-1.131,0.403,0.028,0.007,0.003
MIA,37.762,-1.452,0.366,0.043,0.015,0.003
IND,36.208,-2.170,0.279,0.029,0.009,0.002
MIL,35.868,-2.395,0.266,0.026,0.009,0.002
NOP,35.405,-2.508,0.267,0.017,0.004,0.001
LAC,34.614,-2.701,0.231,0.013,0.003,0.001
MEM,34.576,-2.858,0.230,0.011,0.002,0.001
UTA,32.154,-3.821,0.139,0.005,0.001,0.000
CHI,30.637,-4.736,0.085,0.005,0.001,0.000
WAS,29.204,-5.502,0.062,0.003,0.001,0.000
SAC,27.421,-6.343,0.044,0.001,0.000,0.000
BKN,26.562,-6.579,0.026,0.001,0.000,0.000
