season,rank,player,share
2010,1,Derrick Rose,0.977
2010,2,Dwight Howard,0.531
2010,3,LeBron James,0.431
2010,4,Kobe Bryant,0.354
2010,5,Kevin Durant,0.157
2010,6,Dirk Nowitzki,0.093
2010,7,Dwyane Wade,0.020
2010,8,Manu Ginóbili,0.017
2010,9,Amar'e Stoudemire,0.007
2010,10,Blake Griffin,0.004
2010,10,Rajon Rondo,0.004
2010,12,Tony Parker,0.002
2010,13,Chris Paul,0.002
2011,1,LeBron James,0.888
2011,2,Kevin Durant,0.735
2011,3,Chris Paul,0.318
2011,4,Kobe Bryant,0.291
2011,5,Tony Parker,0.274
2011,6,Kevin Love,0.048
2011,7,Dwight Howard,0.011
2011,8,Rajon Rondo,0.010
2011,9,Steve Nash,0.006
2011,10,Dwyane Wade,0.005
2011,11,Derrick Rose,0.004
2011,12,Dirk Nowitzki,0.003
2011,12,Russell Westbrook,0.003
2011,14,Tim Duncan,0.002
2011,15,Joe Johnson,0.001
2012,1,LeBron James,0.998
2012,2,Kevin Durant,0.632
2012,3,Carmelo Anthony,0.393
2012,4,Chris Paul,0.239
2012,5,Kobe Bryant,0.152
2012,6,Tony Parker,0.071
2012,7,Tim Duncan,0.054
2012,8,James Harden,0.027
2012,9,Russell Westbrook,0.007
2012,10,Dwyane Wade,0.004
2012,11,Stephen Curry,0.002
2012,12,Kevin Garnett,0.001
2012,12,Marc Gasol,0.001
2012,12,Ty Lawson,0.001
2012,12,David Lee,0.001
2012,12,Joakim Noah,0.001
2013,1,Kevin Durant,0.986
2013,2,LeBron James,0.713
2013,3,Blake Griffin,0.347
2013,4,Joakim Noah,0.258
2013,5,James Harden,0.068
2013,6,Stephen Curry,0.053
2013,7,Chris Paul,0.036
2013,8,Al Jefferson,0.027
2013,9,Paul George,0.026
2013,10,LaMarcus Aldridge,0.021
2013,11,Kevin Love,0.020
2013,12,Tim Duncan,0.017
2013,12,Tony Parker,0.017
2013,14,Dirk Nowitzki,0.006
2013,15,Carmelo Anthony,0.003
2013,16,Goran Dragić,0.002
2013,17,Mike Conley,0.001
2014,1,Stephen Curry,0.922
2014,2,James Harden,0.720
2014,3,LeBron James,0.425
2014,4,Russell Westbrook,0.271
2014,5,Anthony Davis,0.156
2014,6,Chris Paul,0.095
2014,7,LaMarcus Aldridge,0.005
2014,8,Marc Gasol,0.002
2014,8,Blake Griffin,0.002
2014,10,Tim Duncan,0.001
2014,10,Kawhi Leonard,0.001
2014,10,Klay Thompson,0.001
2015,1,Stephen Curry,1.000
2015,2,Kawhi Leonard,0.484
2015,3,LeBron James,0.482
2015,4,Russell Westbrook,0.371
2015,5,Kevin Durant,0.112
2015,6,Chris Paul,0.082
2015,7,Draymond Green,0.038
2015,8,Damian Lillard,0.020
2015,9,James Harden,0.007
2015,10,Kyle Lowry,0.005
2016,1,Russell Westbrook,0.879
2016,2,James Harden,0.746
2016,3,Kawhi Leonard,0.495
2016,4,LeBron James,0.330
2016,5,Isaiah Thomas,0.080
2016,6,Stephen Curry,0.051
2016,7,Giannis Antetokounmpo,0.007
2016,7,John Wall,0.007
2016,9,Anthony Davis,0.002
2016,9,Kevin Durant,0.002
2016,11,DeMar DeRozan,0.001
2017,1,James Harden,0.955
2017,2,LeBron James,0.731
2017,3,Anthony Davis,0.441
2017,4,Damian Lillard,0.205
2017,5,Russell Westbrook,0.075
2017,6,Giannis Antetokounmpo,0.074
2017,7,Kevin Durant,0.065
2017,8,DeMar DeRozan,0.032
2017,9,LaMarcus Aldridge,0.006
2017,10,Jimmy Butler,0.005
2017,10,Stephen Curry,0.005
2017,12,Joel Embiid,0.004
2017,13,Victor Oladipo,0.002
2018,1,Giannis Antetokounmpo,0.932
2018,2,James Harden,0.768
2018,3,Paul George,0.352
2018,4,Nikola Jokić,0.210
2018,5,Stephen Curry,0.173
2018,6,Damian Lillard,0.068
2018,7,Joel Embiid,0.049
2018,8,Kevin Durant,0.025
2018,9,Kawhi Leonard,0.013
2018,10,Russell Westbrook,0.008
2018,11,Rudy Gobert,0.001
2018,11,LeBron James,0.001
2019,1,Giannis Antetokounmpo,0.952
2019,2,LeBron James,0.746
2019,3,James Harden,0.363
2019,4,Luka Dončić,0.198
2019,5,Kawhi Leonard,0.166
2019,6,Anthony Davis,0.081
2019,7,Chris Paul,0.026
2019,8,Damian Lillard,0.023
2019,9,Nikola Jokić,0.018
2019,10,Pascal Siakam,0.017
2019,11,Jimmy Butler,0.009
2019,12,Jayson Tatum,0.001
2020,1,Nikola Jokić,0.961
2020,2,Joel Embiid,0.580
2020,3,Stephen Curry,0.449
2020,4,Giannis Antetokounmpo,0.345
2020,5,Chris Paul,0.138
2020,6,Luka Dončić,0.042
2020,7,Damian Lillard,0.038
2020,8,Julius Randle,0.020
2020,9,Derrick Rose,0.010
2020,10,Rudy Gobert,0.008
2020,11,Russell Westbrook,0.005
2020,12,Ben Simmons,0.003
2020,13,James Harden,0.001
2020,13,LeBron James,0.001
2020,13,Kawhi Leonard,0.001
2021,1,Nikola Jokić,0.875
2021,2,Joel Embiid,0.706
2021,3,Giannis Antetokounmpo,0.595
2021,4,Devin Booker,0.216
2021,5,Luka Dončić,0.146
2021,6,Jayson Tatum,0.043
2021,7,Ja Morant,0.010
2021,8,Stephen Curry,0.004
2021,9,Chris Paul,0.002
2021,10,DeMar DeRozan,0.001
2021,10,Kevin Durant,0.001
2021,10,LeBron James,0.001
2022,1,Joel Embiid,0.915
2022,2,Nikola Jokić,0.674
2022,3,Giannis Antetokounmpo,0.606
2022,4,Jayson Tatum,0.280
2022,5,Shai Gilgeous-Alexander,0.046
2022,6,Donovan Mitchell,0.030
2022,7,Domantas Sabonis,0.027
2022,8,Luka Dončić,0.010
2022,9,Stephen Curry,0.005
2022,10,Jimmy Butler,0.003
2022,11,De'Aaron Fox,0.002
2022,12,Jalen Brunson,0.001
2022,12,Ja Morant,0.001
2023,1,Nikola Jokić,0.935
2023,2,Shai Gilgeous-Alexander,0.646
2023,3,Luka Dončić,0.572
2023,4,Giannis Antetokounmpo,0.194
2023,5,Jalen Brunson,0.143
2023,6,Jayson Tatum,0.087
2023,7,Anthony Edwards,0.018
2023,8,Domantas Sabonis,0.003
2023,9,Kevin Durant,0.001
2024,1,Shai Gilgeous-Alexander,0.913
2024,2,Nikola Jokić,0.787
2024,3,Giannis Antetokounmpo,0.470
2024,4,Jayson Tatum,0.311
2024,5,Donovan Mitchell,0.074
2024,6,LeBron James,0.016
2024,7,Cade Cunningham,0.012
2024,7,Anthony Edwards,0.012
2024,9,Stephen Curry,0.002
2024,10,Jalen Brunson,0.001
2024,10,James Harden,0.001
2024,10,Evan Mobley,0.001
2025,1,Shai Gilgeous-Alexander,0.939
2025,2,Nikola Jokić,0.634
2025,3,Victor Wembanyama,0.569
2025,4,Luka Dončić,0.250
2025,5,Cade Cunningham,0.117
2025,6,Jaylen Brown,0.089
2025,7,Kawhi Leonard,0.001
2025,7,Donovan Mitchell,0.001
