team,name,win_total,source,date
ATL,Atlanta Hawks,43.5,BetMGM,2026-09-23
BKN,Brooklyn Nets,24.5,BetMGM,2026-09-23
BOS,Boston Celtics,51.5,BetMGM,2026-09-23
CHA,Charlotte Hornets,39.5,BetMGM,2026-09-23
CHI,Chicago Bulls,29.5,BetMGM,2026-09-23
CLE,Cleveland Cavaliers,47.5,BetMGM,2026-09-23
DAL,Dallas Mavericks,34.5,BetMGM,2026-09-23
DEN,Denver Nuggets,49.5,BetMGM,2026-09-23
DET,Detroit Pistons,49.5,BetMGM,2026-09-23
GSW,Golden State Warriors,40.5,BetMGM,2026-09-23
HOU,Houston Rockets,47.5,BetMGM,2026-09-23
IND,Indiana Pacers,44.5,BetMGM,2026-09-23
LAC,Los Angeles Clippers,30.5,BetMGM,2026-09-23
LAL,Los Angeles Lakers,46.5,BetMGM,2026-09-23
MEM,Memphis Grizzlies,29.5,BetMGM,2026-09-23
MIA,Miami Heat,46.5,BetMGM,2026-09-23
MIL,Milwaukee Bucks,25.5,BetMGM,2026-09-23
MIN,Minnesota Timberwolves,48.5,BetMGM,2026-09-23
NOP,New Orleans Pelicans,27.5,BetMGM,2026-09-23
NYK,New York Knicks,52.5,BetMGM,2026-09-23
OKC,Oklahoma City Thunder,62.5,BetMGM,2026-09-23
ORL,Orlando Magic,43.5,BetMGM,2026-09-23
PHI,Philadelphia 76ers,50.5,BetMGM,2026-09-23
PHX,Phoenix Suns,40.5,BetMGM,2026-09-23
POR,Portland Trail Blazers,42.5,BetMGM,2026-09-23
SAC,Sacramento Kings,21.5,BetMGM,2026-09-23
SAS,San Antonio Spurs,59.5,BetMGM,2026-09-23
TOR,Toronto Raptors,45.5,BetMGM,2026-09-23
UTA,Utah Jazz,37.5,BetMGM,2026-09-23
WAS,Washington Wizards,34.5,BetMGM,2026-09-23
