season,team,win_total,wins,losses,sched
2011,ATL,34.5,40,26,66
2011,BKN,27.5,22,44,66
2011,BOS,40.5,39,27,66
2011,CHA,19.5,7,59,66
2011,CHI,47.5,50,16,66
2011,CLE,17.5,21,45,66
2011,DAL,44.5,36,30,66
2011,DEN,36.5,38,28,66
2011,DET,21.5,25,41,66
2011,GSW,29.5,23,43,66
2011,HOU,33.5,34,32,66
2011,IND,36.5,42,24,66
2011,LAC,42.5,40,26,66
2011,LAL,42.5,41,25,66
2011,MEM,37.5,41,25,66
2011,MIA,47.5,46,20,66
2011,MIL,31.5,31,35,66
2011,MIN,23.5,26,40,66
2011,NOP,25.5,21,45,66
2011,NYK,41.5,36,30,66
2011,OKC,46.5,47,19,66
2011,ORL,37.5,37,29,66
2011,PHI,36.5,35,31,66
2011,PHX,29.5,33,33,66
2011,POR,37.5,28,38,66
2011,SAC,20.5,22,44,66
2011,SAS,40.5,50,16,66
2011,TOR,16.5,23,43,66
2011,UTA,25.5,36,30,66
2011,WAS,20.5,20,46,66
2012,ATL,42.5,44,38,82
2012,BKN,44.5,49,33,82
2012,BOS,51.5,41,40,82
2012,CHA,19.5,21,61,82
2012,CHI,47.5,45,37,82
2012,CLE,31.5,24,58,82
2012,DAL,44.5,41,41,82
2012,DEN,49.5,57,25,82
2012,DET,32.5,29,53,82
2012,GSW,35.5,47,35,82
2012,HOU,31.5,45,37,82
2012,IND,51.5,49,32,82
2012,LAC,49.5,56,26,82
2012,LAL,58.5,45,37,82
2012,MEM,48.5,56,26,82
2012,MIA,60.5,66,16,82
2012,MIL,36.5,38,44,82
2012,MIN,39.5,31,51,82
2012,NOP,26.5,27,55,82
2012,NYK,46.5,54,28,82
2012,OKC,60.5,60,22,82
2012,ORL,23.5,20,62,82
2012,PHI,47.5,34,48,82
2012,PHX,33.5,25,57,82
2012,POR,34.5,33,49,82
2012,SAC,29.5,28,54,82
2012,SAS,54.5,58,24,82
2012,TOR,32.5,34,48,82
2012,UTA,42.5,43,39,82
2012,WAS,27.5,29,53,82
2013,ATL,39.5,38,44,82
2013,BKN,52.5,44,38,82
2013,BOS,28.5,25,57,82
2013,CHA,26.0,43,39,82
2013,CHI,56.5,48,34,82
2013,CLE,40.5,33,49,82
2013,DAL,43.5,49,33,82
2013,DEN,46.5,36,46,82
2013,DET,40.5,29,53,82
2013,GSW,51.0,51,31,82
2013,HOU,54.5,54,28,82
2013,IND,54.5,56,26,82
2013,LAC,57.5,57,25,82
2013,LAL,36.5,27,55,82
2013,MEM,50.5,50,32,82
2013,MIA,61.5,54,28,82
2013,MIL,28.5,15,67,82
2013,MIN,40.5,40,42,82
2013,NOP,39.0,34,48,82
2013,NYK,50.0,37,45,82
2013,OKC,51.5,59,23,82
2013,ORL,23.5,23,59,82
2013,PHI,16.5,19,63,82
2013,PHX,20.5,48,34,82
2013,POR,38.5,54,28,82
2013,SAC,31.5,28,54,82
2013,SAS,55.5,62,20,82
2013,TOR,35.5,48,34,82
2013,UTA,26.5,25,57,82
2013,WAS,39.5,44,38,82
2014,ATL,42.5,60,22,82
2014,BKN,41.5,38,44,82
2014,BOS,27.0,40,42,82
2014,CHA,45.0,33,49,82
2014,CHI,55.5,50,32,82
2014,CLE,58.5,53,29,82
2014,DAL,49.5,50,32,82
2014,DEN,42.0,30,52,82
2014,DET,36.0,32,50,82
2014,GSW,52.5,67,15,82
2014,HOU,49.0,56,26,82
2014,IND,33.5,38,44,82
2014,LAC,56.5,56,26,82
2014,LAL,29.0,21,61,82
2014,MEM,48.5,55,27,82
2014,MIA,44.0,37,45,82
2014,MIL,24.5,41,41,82
2014,MIN,29.0,16,66,82
2014,NOP,43.0,45,37,82
2014,NYK,40.0,17,65,82
2014,OKC,53.0,45,37,82
2014,ORL,26.5,25,57,82
2014,PHI,16.0,18,64,82
2014,PHX,44.0,39,43,82
2014,POR,49.0,51,31,82
2014,SAC,29.5,29,53,82
2014,SAS,57.0,55,27,82
2014,TOR,48.5,49,33,82
2014,UTA,27.0,38,44,82
2014,WAS,48.5,46,36,82
2015,ATL,49.5,48,34,82
2015,BKN,27.5,21,61,82
2015,BOS,45.5,48,34,82
2015,CHA,34.0,48,34,82
2015,CHI,50.5,42,40,82
2015,CLE,56.5,57,25,82
2015,DAL,36.5,42,40,82
2015,DEN,27.5,33,49,82
2015,DET,36.5,44,38,82
2015,GSW,59.5,73,9,82
2015,HOU,56.5,41,41,82
2015,IND,41.5,45,37,82
2015,LAC,56.5,53,29,82
2015,LAL,28.5,17,65,82
2015,MEM,50.5,42,40,82
2015,MIA,46.5,48,34,82
2015,MIL,42.5,33,49,82
2015,MIN,27.5,29,53,82
2015,NOP,45.0,30,52,82
2015,NYK,29.5,32,50,82
2015,OKC,57.5,55,27,82
2015,ORL,34.5,35,47,82
2015,PHI,20.5,10,72,82
2015,PHX,36.5,23,59,82
2015,POR,28.5,44,38,82
2015,SAC,36.0,33,49,82
2015,SAS,56.5,67,15,82
2015,TOR,46.5,56,26,82
2015,UTA,42.5,40,42,82
2015,WAS,45.5,41,41,82
2016,ATL,43.5,43,39,82
2016,BKN,21.5,20,62,82
2016,BOS,52.5,53,29,82
2016,CHA,42.5,36,46,82
2016,CHI,39.0,41,41,82
2016,CLE,56.5,51,31,82
2016,DAL,39.5,33,49,82
2016,DEN,37.0,40,42,82
2016,DET,44.5,37,45,82
2016,GSW,66.5,67,15,82
2016,HOU,44.0,55,27,82
2016,IND,44.5,42,40,82
2016,LAC,53.5,51,31,82
2016,LAL,24.5,26,56,82
2016,MEM,42.5,43,39,82
2016,MIA,34.5,41,41,82
2016,MIL,34.5,42,40,82
2016,MIN,41.5,31,51,82
2016,NOP,36.5,34,48,82
2016,NYK,38.5,31,51,82
2016,OKC,45.0,47,35,82
2016,ORL,37.5,29,53,82
2016,PHI,23.5,28,54,82
2016,PHX,29.5,24,58,82
2016,POR,45.5,41,41,82
2016,SAC,33.5,32,50,82
2016,SAS,57.5,61,21,82
2016,TOR,50.5,51,31,82
2016,UTA,47.5,51,31,82
2016,WAS,42.5,49,33,82
2017,ATL,25.5,24,58,82
2017,BKN,27.5,28,54,82
2017,BOS,53.5,55,27,82
2017,CHA,42.5,36,46,82
2017,CHI,22.0,27,55,82
2017,CLE,53.5,50,32,82
2017,DAL,35.5,24,58,82
2017,DEN,45.5,46,36,82
2017,DET,38.5,39,43,82
2017,GSW,67.5,58,24,82
2017,HOU,55.5,65,17,82
2017,IND,31.5,48,34,82
2017,LAC,43.5,42,40,82
2017,LAL,33.5,35,47,82
2017,MEM,37.5,22,60,82
2017,MIA,43.5,44,38,82
2017,MIL,47.5,44,38,82
2017,MIN,48.5,47,35,82
2017,NOP,39.5,48,34,82
2017,NYK,30.5,29,53,82
2017,OKC,53.5,48,34,82
2017,ORL,33.5,25,57,82
2017,PHI,39.5,52,30,82
2017,PHX,28.5,21,61,82
2017,POR,42.5,49,33,82
2017,SAC,27.5,27,55,82
2017,SAS,55.0,47,35,82
2017,TOR,48.5,59,23,82
2017,UTA,40.5,48,34,82
2017,WAS,48.5,43,39,82
2018,ATL,23.5,29,53,82
2018,BKN,32.0,42,40,82
2018,BOS,59.0,49,33,82
2018,CHA,35.5,39,43,82
2018,CHI,30.0,22,60,82
2018,CLE,30.5,19,63,82
2018,DAL,35.5,33,49,82
2018,DEN,47.5,54,28,82
2018,DET,38.5,41,41,82
2018,GSW,62.5,57,25,82
2018,HOU,56.5,53,29,82
2018,IND,47.5,48,34,82
2018,LAC,37.0,48,34,82
2018,LAL,48.5,37,45,82
2018,MEM,34.5,33,49,82
2018,MIA,43.0,39,43,82
2018,MIL,48.0,60,22,82
2018,MIN,41.5,36,46,82
2018,NOP,45.5,33,49,82
2018,NYK,28.5,17,65,82
2018,OKC,48.5,49,33,82
2018,ORL,31.0,42,40,82
2018,PHI,53.5,51,31,82
2018,PHX,29.0,19,63,82
2018,POR,42.0,53,29,82
2018,SAC,26.0,39,43,82
2018,SAS,43.5,48,34,82
2018,TOR,55.5,58,24,82
2018,UTA,49.5,50,32,82
2018,WAS,45.5,32,50,82
2019,ATL,33.5,20,47,82
2019,BKN,43.5,35,37,82
2019,BOS,48.5,48,24,82
2019,CHA,23.5,23,42,82
2019,CHI,33.5,22,43,82
2019,CLE,24.5,19,46,82
2019,DAL,40.5,43,32,82
2019,DEN,53.0,46,27,82
2019,DET,37.5,20,46,82
2019,GSW,47.5,15,50,82
2019,HOU,54.0,44,28,82
2019,IND,46.5,45,28,82
2019,LAC,53.5,49,23,82
2019,LAL,50.5,52,19,82
2019,MEM,27.5,34,39,82
2019,MIA,43.5,44,29,82
2019,MIL,57.5,56,17,82
2019,MIN,35.5,19,45,82
2019,NOP,37.5,30,42,82
2019,NYK,26.5,21,45,82
2019,OKC,32.5,44,28,82
2019,ORL,41.5,33,40,82
2019,PHI,54.5,43,30,82
2019,PHX,29.5,34,39,82
2019,POR,46.5,35,39,82
2019,SAC,37.5,31,41,82
2019,SAS,46.5,32,39,82
2019,TOR,46.5,53,19,82
2019,UTA,53.5,44,28,82
2019,WAS,27.0,25,47,82
2020,ATL,34.5,41,31,72
2020,BKN,45.5,48,24,72
2020,BOS,44.5,36,36,72
2020,CHA,26.5,33,39,72
2020,CHI,29.5,31,41,72
2020,CLE,22.5,22,50,72
2020,DAL,42.5,42,30,72
2020,DEN,44.5,47,25,72
2020,DET,23.5,20,52,72
2020,GSW,37.5,39,33,72
2020,HOU,34.5,17,55,72
2020,IND,38.5,34,38,72
2020,LAC,46.5,47,25,72
2020,LAL,47.5,42,30,72
2020,MEM,31.5,38,34,72
2020,MIA,43.5,40,32,72
2020,MIL,49.5,46,26,72
2020,MIN,29.5,23,49,72
2020,NOP,36.5,31,41,72
2020,NYK,21.5,41,31,72
2020,OKC,22.5,22,50,72
2020,ORL,31.5,21,51,72
2020,PHI,43.5,49,23,72
2020,PHX,38.5,51,21,72
2020,POR,40.5,42,30,72
2020,SAC,28.5,31,41,72
2020,SAS,28.5,33,39,72
2020,TOR,42.5,27,45,72
2020,UTA,41.5,52,20,72
2020,WAS,32.5,34,38,72
2021,ATL,47.5,43,39,82
2021,BKN,56.5,44,38,82
2021,BOS,45.5,51,31,82
2021,CHA,38.5,43,39,82
2021,CHI,42.5,46,36,82
2021,CLE,26.5,44,38,82
2021,DAL,48.5,52,30,82
2021,DEN,47.5,48,34,82
2021,DET,24.5,23,59,82
2021,GSW,48.5,53,29,82
2021,HOU,27.5,20,62,82
2021,IND,42.5,25,57,82
2021,LAC,45.5,42,40,82
2021,LAL,52.5,33,49,82
2021,MEM,41.5,56,26,82
2021,MIA,48.5,53,29,82
2021,MIL,54.5,51,31,82
2021,MIN,35.5,46,36,82
2021,NOP,39.5,36,46,82
2021,NYK,41.5,37,45,82
2021,OKC,23.5,24,58,82
2021,ORL,22.5,22,60,82
2021,PHI,50.5,51,31,82
2021,PHX,51.5,64,18,82
2021,POR,44.5,27,55,82
2021,SAC,36.5,30,52,82
2021,SAS,28.5,34,48,82
2021,TOR,35.5,48,34,82
2021,UTA,52.5,49,33,82
2021,WAS,33.5,35,47,82
2022,ATL,46.5,41,41,82
2022,BKN,50.5,45,37,82
2022,BOS,54.5,57,25,82
2022,CHA,34.5,27,55,82
2022,CHI,41.5,40,42,82
2022,CLE,46.5,51,31,82
2022,DAL,48.5,38,44,82
2022,DEN,51.5,53,29,82
2022,DET,29.5,17,65,82
2022,GSW,52.5,44,38,82
2022,HOU,23.5,22,60,82
2022,IND,24.5,35,47,82
2022,LAC,52.5,44,38,82
2022,LAL,44.5,43,39,82
2022,MEM,49.5,51,31,82
2022,MIA,49.5,44,38,82
2022,MIL,53.5,58,24,82
2022,MIN,49.5,42,40,82
2022,NOP,45.5,42,40,82
2022,NYK,38.5,47,35,82
2022,OKC,23.5,40,42,82
2022,ORL,26.5,34,48,82
2022,PHI,50.5,54,28,82
2022,PHX,52.5,45,37,82
2022,POR,39.5,33,49,82
2022,SAC,34.5,48,34,82
2022,SAS,22.5,22,60,82
2022,TOR,46.5,41,41,82
2022,UTA,23.5,37,45,82
2022,WAS,35.5,35,47,82
2023,ATL,42.5,36,46,82
2023,BKN,37.5,32,50,82
2023,BOS,54.5,64,18,82
2023,CHA,31.5,21,61,82
2023,CHI,37.5,39,43,82
2023,CLE,50.5,48,34,82
2023,DAL,45.5,50,32,82
2023,DEN,52.5,57,25,82
2023,DET,28.5,14,68,82
2023,GSW,48.5,46,36,82
2023,HOU,31.5,41,41,82
2023,IND,38.5,47,35,82
2023,LAC,46.5,51,31,82
2023,LAL,47.5,47,35,82
2023,MEM,45.5,27,55,82
2023,MIA,45.5,46,36,82
2023,MIL,54.5,49,33,82
2023,MIN,44.5,56,26,82
2023,NOP,44.5,49,33,82
2023,NYK,45.5,50,32,82
2023,OKC,44.5,57,25,82
2023,ORL,37.5,47,35,82
2023,PHI,48.5,47,35,82
2023,PHX,51.5,49,33,82
2023,POR,28.5,21,61,82
2023,SAC,44.5,46,36,82
2023,SAS,28.5,22,60,82
2023,TOR,36.5,25,57,82
2023,UTA,35.5,31,51,82
2023,WAS,24.5,15,67,82
2024,ATL,36.5,40,42,82
2024,BKN,19.5,26,56,82
2024,BOS,58.5,61,21,82
2024,CHA,30.5,19,63,82
2024,CHI,28.5,39,43,82
2024,CLE,48.5,64,18,82
2024,DAL,49.5,39,43,82
2024,DEN,51.5,50,32,82
2024,DET,25.5,44,38,82
2024,GSW,43.5,48,34,82
2024,HOU,43.5,52,30,82
2024,IND,46.5,50,32,82
2024,LAC,35.5,50,32,82
2024,LAL,43.5,50,32,82
2024,MEM,47.5,48,34,82
2024,MIA,44.5,37,45,82
2024,MIL,49.5,48,34,82
2024,MIN,51.5,49,33,82
2024,NOP,46.5,21,61,82
2024,NYK,53.5,51,31,82
2024,OKC,57.5,68,14,82
2024,ORL,47.5,41,41,82
2024,PHI,50.5,24,58,82
2024,PHX,48.5,36,46,82
2024,POR,21.5,36,46,82
2024,SAC,46.5,40,42,82
2024,SAS,35.5,34,48,82
2024,TOR,29.5,30,52,82
2024,UTA,28.5,17,65,82
2024,WAS,20.5,18,64,82
2025,ATL,46.5,46,36,82
2025,BKN,19.5,20,62,82
2025,BOS,41.5,56,26,82
2025,CHA,27.5,44,38,82
2025,CHI,33.5,31,51,82
2025,CLE,56.5,52,30,82
2025,DAL,41.5,26,56,82
2025,DEN,53.5,54,28,82
2025,DET,46.5,60,22,82
2025,GSW,47.5,37,45,82
2025,HOU,52.5,52,30,82
2025,IND,37.5,19,63,82
2025,LAC,49.5,42,40,82
2025,LAL,46.5,53,29,82
2025,MEM,39.5,25,57,82
2025,MIA,37.5,43,39,82
2025,MIL,43.5,32,50,82
2025,MIN,49.5,49,33,82
2025,NOP,30.5,26,56,82
2025,NYK,53.5,53,29,82
2025,OKC,62.5,64,18,82
2025,ORL,51.5,45,37,82
2025,PHI,43.5,45,37,82
2025,PHX,30.5,45,37,82
2025,POR,35.5,42,40,82
2025,SAC,35.5,22,60,82
2025,SAS,44.5,62,20,82
2025,TOR,39.5,46,36,82
2025,UTA,18.5,22,60,82
2025,WAS,20.5,17,65,82
